{"journeyParts": [{"from": "2016-11-28 11:10:00 +0000", "distanceEstimation": 0, "pathLocations": [{"receivedDate": "2016-11-28 12:10:19 +0000", "timestamp": "2016-11-28 11:10:00 +0000", "signal": 29.61, "seqNbr": 5, "state": "START", "sigfoxId": 1135, "lat": 0.0, "lng": 0.0}, {"receivedDate": "2016-11-29 01:29:40 +0000", "timestamp": "2016-11-28 13:05:00 +0000", "signal": 16.88, "seqNbr": 8, "state": "STOP", "sigfoxId": 1135, "lat": 0.0, "lng": 0.0}], "till": "2016-11-28 13:05:00 +0000", "intermediaryLocations": [], "type": "ON_THE_MOVE", "expectedNbrOfLocations": 4}, {"from": "2016-11-28 13:05:00 +0000", "type": "UNRECORDED", "pathLocations": [{"receivedDate": "2016-11-29 01:29:40 +0000", "timestamp": "2016-11-28 13:05:00 +0000", "signal": 16.88, "seqNbr": 8, "state": "STOP", "sigfoxId": 1135, "lat": 0.0, "lng": 0.0}, {"receivedDate": "2016-11-29 01:44:45 +0000", "timestamp": "2016-11-28 13:14:00 +0000", "signal": 17.23, "seqNbr": 10, "state": "STOP", "sigfoxId": 1135, "lat": 0.0, "lng": 0.0}], "till": "2016-11-28 13:14:00 +0000"}, {"from": "2016-11-28 13:14:00 +0000", "aggregatedJourneyParts": [], "pathLocations": [{"receivedDate": "2016-11-29 01:44:45 +0000", "timestamp": "2016-11-28 13:14:00 +0000", "signal": 17.23, "seqNbr": 10, "state": "STOP", "sigfoxId": 1135, "lat": 0.0, "lng": 0.0}, {"receivedDate": "2016-11-29 09:32:10 +0000", "timestamp": "2016-11-29 08:37:00 +0000", "signal": 15.51, "seqNbr": 11, "state": "START", "sigfoxId": 1135, "lat": 0.0, "lng": 0.0}], "till": "2016-11-29 08:37:00 +0000", "type": "STOPPED", "expectedNbrOfLocations": 2}, {"from": "2016-11-29 08:37:00 +0000", "distanceEstimation": 12606364, "pathLocations": [{"receivedDate": "2016-11-29 09:32:10 +0000", "timestamp": "2016-11-29 08:37:00 +0000", "signal": 15.51, "seqNbr": 11, "state": "START", "sigfoxId": 1135, "lat": 0.0, "lng": 0.0}, {"fixTime": 59, "receivedDate": "2016-11-29 09:47:15 +0000", "timestamp": "2016-11-29 08:57:00 +0000", "signal": 19.15, "address": "[ Undecoded ]", "sigfoxId": 1135, "state": "ON_THE_MOVE", "seqNbr": 12, "lat": 55.76928, "lng": 12.50172, "accuracy": 15}, {"receivedDate": "2016-11-29 09:20:00 +0000", "timestamp": "2016-11-29 09:11:00 +0000", "signal": 15.74, "seqNbr": 13, "state": "STOP", "sigfoxId": 1135, "lat": 0.0, "lng": 0.0}], "till": "2016-11-29 09:11:00 +0000", "intermediaryLocations": [], "type": "ON_THE_MOVE", "expectedNbrOfLocations": 3}, {"from": "2016-11-29 09:11:00 +0000", "aggregatedJourneyParts": [], "pathLocations": [{"receivedDate": "2016-11-29 09:20:00 +0000", "timestamp": "2016-11-29 09:11:00 +0000", "signal": 15.74, "seqNbr": 13, "state": "STOP", "sigfoxId": 1135, "lat": 0.0, "lng": 0.0}, {"receivedDate": "2016-11-29 09:20:06 +0000", "timestamp": "2016-11-29 09:18:00 +0000", "signal": 12.46, "seqNbr": 14, "state": "START", "sigfoxId": 1135, "lat": 0.0, "lng": 0.0}], "till": "2016-11-29 09:18:00 +0000", "type": "STOPPED", "expectedNbrOfLocations": 2}, {"from": "2016-11-29 09:18:00 +0000", "distanceEstimation": 0, "pathLocations": [{"receivedDate": "2016-11-29 09:20:06 +0000", "timestamp": "2016-11-29 09:18:00 +0000", "signal": 12.46, "seqNbr": 14, "state": "START", "sigfoxId": 1135, "lat": 0.0, "lng": 0.0}, {"receivedDate": "2016-11-29 09:46:15 +0000", "timestamp": "2016-11-29 09:37:00 +0000", "signal": 16.93, "seqNbr": 16, "state": "STOP", "sigfoxId": 1135, "lat": 0.0, "lng": 0.0}], "till": "2016-11-29 09:37:00 +0000", "intermediaryLocations": [], "type": "ON_THE_MOVE", "expectedNbrOfLocations": 3}, {"from": "2016-11-29 09:37:00 +0000", "aggregatedJourneyParts": [], "pathLocations": [{"receivedDate": "2016-11-29 09:46:15 +0000", "timestamp": "2016-11-29 09:37:00 +0000", "signal": 16.93, "seqNbr": 16, "state": "STOP", "sigfoxId": 1135, "lat": 0.0, "lng": 0.0}, {"receivedDate": "2016-11-29 09:46:22 +0000", "timestamp": "2016-11-29 09:45:00 +0000", "signal": 16.56, "seqNbr": 17, "state": "START", "sigfoxId": 1135, "lat": 0.0, "lng": 0.0}], "till": "2016-11-29 09:45:00 +0000", "type": "STOPPED", "expectedNbrOfLocations": 2}, {"from": "2016-11-29 09:45:00 +0000", "distanceEstimation": 0, "pathLocations": [{"receivedDate": "2016-11-29 09:46:22 +0000", "timestamp": "2016-11-29 09:45:00 +0000", "signal": 16.56, "seqNbr": 17, "state": "START", "sigfoxId": 1135, "lat": 0.0, "lng": 0.0}, {"receivedDate": "2016-11-29 09:54:05 +0000", "timestamp": "2016-11-29 09:45:00 +0000", "signal": 13.16, "seqNbr": 18, "state": "STOP", "sigfoxId": 1135, "lat": 0.0, "lng": 0.0}], "till": "2016-11-29 09:45:00 +0000", "intermediaryLocations": [], "type": "ON_THE_MOVE", "expectedNbrOfLocations": 2}, {"from": "2016-11-29 09:45:00 +0000", "aggregatedJourneyParts": [], "pathLocations": [{"receivedDate": "2016-11-29 09:54:05 +0000", "timestamp": "2016-11-29 09:45:00 +0000", "signal": 13.16, "seqNbr": 18, "state": "STOP", "sigfoxId": 1135, "lat": 0.0, "lng": 0.0}, {"receivedDate": "2016-11-29 10:47:36 +0000", "timestamp": "2016-11-29 09:58:00 +0000", "signal": 10.02, "seqNbr": 19, "state": "START", "sigfoxId": 1135, "lat": 0.0, "lng": 0.0}], "till": "2016-11-29 09:58:00 +0000", "type": "STOPPED", "expectedNbrOfLocations": 2}, {"from": "2016-11-29 09:58:00 +0000", "distanceEstimation": 0, "pathLocations": [{"receivedDate": "2016-11-29 10:47:36 +0000", "timestamp": "2016-11-29 09:58:00 +0000", "signal": 10.02, "seqNbr": 19, "state": "START", "sigfoxId": 1135, "lat": 0.0, "lng": 0.0}, {"receivedDate": "2016-11-29 10:07:21 +0000", "timestamp": "2016-11-29 09:58:00 +0000", "signal": 10.97, "seqNbr": 20, "state": "STOP", "sigfoxId": 1135, "lat": 0.0, "lng": 0.0}], "till": "2016-11-29 09:58:00 +0000", "intermediaryLocations": [], "type": "ON_THE_MOVE", "expectedNbrOfLocations": 2}, {"from": "2016-11-29 09:58:00 +0000", "aggregatedJourneyParts": [], "pathLocations": [{"receivedDate": "2016-11-29 10:07:21 +0000", "timestamp": "2016-11-29 09:58:00 +0000", "signal": 10.97, "seqNbr": 20, "state": "STOP", "sigfoxId": 1135, "lat": 0.0, "lng": 0.0}, {"receivedDate": "2016-11-29 11:08:17 +0000", "timestamp": "2016-11-29 11:08:00 +0000", "signal": 13.64, "seqNbr": 21, "state": "START", "sigfoxId": 1135, "lat": 0.0, "lng": 0.0}], "till": "2016-11-29 11:08:00 +0000", "type": "STOPPED", "expectedNbrOfLocations": 2}, {"from": "2016-11-29 11:08:00 +0000", "distanceEstimation": 0, "pathLocations": [{"receivedDate": "2016-11-29 11:08:17 +0000", "timestamp": "2016-11-29 11:08:00 +0000", "signal": 13.64, "seqNbr": 21, "state": "START", "sigfoxId": 1135, "lat": 0.0, "lng": 0.0}, {"receivedDate": "2016-11-29 11:16:42 +0000", "timestamp": "2016-11-29 11:08:00 +0000", "signal": 12.83, "seqNbr": 22, "state": "STOP", "sigfoxId": 1135, "lat": 0.0, "lng": 0.0}], "till": "2016-11-29 11:08:00 +0000", "intermediaryLocations": [], "type": "ON_THE_MOVE", "expectedNbrOfLocations": 2}, {"from": "2016-11-29 11:08:00 +0000", "aggregatedJourneyParts": [], "pathLocations": [{"receivedDate": "2016-11-29 11:16:42 +0000", "timestamp": "2016-11-29 11:08:00 +0000", "signal": 12.83, "seqNbr": 22, "state": "STOP", "sigfoxId": 1135, "lat": 0.0, "lng": 0.0}, {"receivedDate": "2016-11-29 14:10:33 +0000", "timestamp": "2016-11-29 14:10:00 +0000", "signal": 39.61, "seqNbr": 23, "state": "START", "sigfoxId": 1135, "lat": 0.0, "lng": 0.0}], "till": "2016-11-29 14:10:00 +0000", "type": "STOPPED", "expectedNbrOfLocations": 2}, {"from": "2016-11-29 14:10:00 +0000", "distanceEstimation": 0, "pathLocations": [{"receivedDate": "2016-11-29 14:10:33 +0000", "timestamp": "2016-11-29 14:10:00 +0000", "signal": 39.61, "seqNbr": 23, "state": "START", "sigfoxId": 1135, "lat": 0.0, "lng": 0.0}, {"receivedDate": "2016-11-29 14:19:01 +0000", "timestamp": "2016-11-29 14:10:00 +0000", "signal": 12.51, "seqNbr": 24, "state": "STOP", "sigfoxId": 1135, "lat": 0.0, "lng": 0.0}], "till": "2016-11-29 14:10:00 +0000", "intermediaryLocations": [], "type": "ON_THE_MOVE", "expectedNbrOfLocations": 2}, {"from": "2016-11-29 14:10:00 +0000", "aggregatedJourneyParts": [], "pathLocations": [{"receivedDate": "2016-11-29 14:19:01 +0000", "timestamp": "2016-11-29 14:10:00 +0000", "signal": 12.51, "seqNbr": 24, "state": "STOP", "sigfoxId": 1135, "lat": 0.0, "lng": 0.0}, {"receivedDate": "2016-11-29 15:11:10 +0000", "timestamp": "2016-11-29 15:11:00 +0000", "signal": 14.21, "seqNbr": 25, "state": "START", "sigfoxId": 1135, "lat": 0.0, "lng": 0.0}], "till": "2016-11-29 15:11:00 +0000", "type": "STOPPED", "expectedNbrOfLocations": 2}, {"from": "2016-11-29 15:11:00 +0000", "distanceEstimation": 0, "pathLocations": [{"receivedDate": "2016-11-29 15:11:10 +0000", "timestamp": "2016-11-29 15:11:00 +0000", "signal": 14.21, "seqNbr": 25, "state": "START", "sigfoxId": 1135, "lat": 0.0, "lng": 0.0}, {"receivedDate": "2016-11-29 15:20:04 +0000", "timestamp": "2016-11-29 15:11:00 +0000", "signal": 8.55, "seqNbr": 26, "state": "STOP", "sigfoxId": 1135, "lat": 0.0, "lng": 0.0}], "till": "2016-11-29 15:11:00 +0000", "intermediaryLocations": [], "type": "ON_THE_MOVE", "expectedNbrOfLocations": 2}, {"from": "2016-11-29 15:11:00 +0000", "aggregatedJourneyParts": [], "pathLocations": [{"receivedDate": "2016-11-29 15:20:04 +0000", "timestamp": "2016-11-29 15:11:00 +0000", "signal": 8.55, "seqNbr": 26, "state": "STOP", "sigfoxId": 1135, "lat": 0.0, "lng": 0.0}, {"receivedDate": "2016-12-01 09:35:46 +0000", "timestamp": "2016-12-01 09:35:00 +0000", "signal": 14.83, "seqNbr": 27, "state": "START", "sigfoxId": 1135, "lat": 0.0, "lng": 0.0}], "till": "2016-12-01 09:35:00 +0000", "type": "STOPPED", "expectedNbrOfLocations": 2}, {"from": "2016-12-01 09:35:00 +0000", "distanceEstimation": 0, "pathLocations": [{"receivedDate": "2016-12-01 09:35:46 +0000", "timestamp": "2016-12-01 09:35:00 +0000", "signal": 14.83, "seqNbr": 27, "state": "START", "sigfoxId": 1135, "lat": 0.0, "lng": 0.0}, {"receivedDate": "2016-12-01 09:44:49 +0000", "timestamp": "2016-12-01 09:36:00 +0000", "signal": 11.09, "seqNbr": 28, "state": "STOP", "sigfoxId": 1135, "lat": 0.0, "lng": 0.0}], "till": "2016-12-01 09:36:00 +0000", "intermediaryLocations": [], "type": "ON_THE_MOVE", "expectedNbrOfLocations": 2}, {"from": "2016-12-01 09:36:00 +0000", "aggregatedJourneyParts": [], "pathLocations": [{"receivedDate": "2016-12-01 09:44:49 +0000", "timestamp": "2016-12-01 09:36:00 +0000", "signal": 11.09, "seqNbr": 28, "state": "STOP", "sigfoxId": 1135, "lat": 0.0, "lng": 0.0}, {"receivedDate": "2016-12-02 12:33:11 +0000", "timestamp": "2016-12-02 12:33:00 +0000", "signal": 15.94, "seqNbr": 29, "state": "START", "sigfoxId": 1135, "lat": 0.0, "lng": 0.0}], "till": "2016-12-02 12:33:00 +0000", "type": "STOPPED", "expectedNbrOfLocations": 2}, {"from": "2016-12-02 12:33:00 +0000", "distanceEstimation": 0, "pathLocations": [{"receivedDate": "2016-12-02 12:33:11 +0000", "timestamp": "2016-12-02 12:33:00 +0000", "signal": 15.94, "seqNbr": 29, "state": "START", "sigfoxId": 1135, "lat": 0.0, "lng": 0.0}, {"receivedDate": "2016-12-02 12:58:10 +0000", "timestamp": "2016-12-02 12:53:00 +0000", "signal": 14.49, "seqNbr": 30, "state": "ON_THE_MOVE", "sigfoxId": 1135, "lat": 0.0, "lng": 0.0}, {"receivedDate": "2016-12-02 13:11:42 +0000", "timestamp": "2016-12-02 13:03:00 +0000", "signal": 12.76, "seqNbr": 31, "state": "STOP", "sigfoxId": 1135, "lat": 0.0, "lng": 0.0}], "till": "2016-12-02 13:03:00 +0000", "intermediaryLocations": [], "type": "ON_THE_MOVE", "expectedNbrOfLocations": 3}, {"from": "2016-12-02 13:03:00 +0000", "aggregatedJourneyParts": [], "pathLocations": [{"receivedDate": "2016-12-02 13:11:42 +0000", "timestamp": "2016-12-02 13:03:00 +0000", "signal": 12.76, "seqNbr": 31, "state": "STOP", "sigfoxId": 1135, "lat": 0.0, "lng": 0.0}, {"receivedDate": "2016-12-06 07:22:35 +0000", "timestamp": "2016-12-06 07:22:00 +0000", "signal": 7.81, "seqNbr": 32, "state": "START", "sigfoxId": 1135, "lat": 0.0, "lng": 0.0}], "till": "2016-12-06 07:22:00 +0000", "type": "STOPPED", "expectedNbrOfLocations": 2}, {"from": "2016-12-06 07:22:00 +0000", "distanceEstimation": 0, "pathLocations": [{"receivedDate": "2016-12-06 07:22:35 +0000", "timestamp": "2016-12-06 07:22:00 +0000", "signal": 7.81, "seqNbr": 32, "state": "START", "sigfoxId": 1135, "lat": 0.0, "lng": 0.0}, {"receivedDate": "2016-12-06 07:31:01 +0000", "timestamp": "2016-12-06 07:22:00 +0000", "signal": 11.3, "seqNbr": 33, "state": "STOP", "sigfoxId": 1135, "lat": 0.0, "lng": 0.0}], "till": "2016-12-06 07:22:00 +0000", "intermediaryLocations": [], "type": "ON_THE_MOVE", "expectedNbrOfLocations": 2}, {"from": "2016-12-06 07:22:00 +0000", "aggregatedJourneyParts": [], "pathLocations": [{"receivedDate": "2016-12-06 07:31:01 +0000", "timestamp": "2016-12-06 07:22:00 +0000", "signal": 11.3, "seqNbr": 33, "state": "STOP", "sigfoxId": 1135, "lat": 0.0, "lng": 0.0}, {"receivedDate": "2016-12-13 13:38:44 +0000", "timestamp": "2016-12-13 12:45:00 +0000", "signal": 17.09, "seqNbr": 34, "state": "START", "sigfoxId": 1135, "lat": 0.0, "lng": 0.0}], "till": "2016-12-13 12:45:00 +0000", "type": "STOPPED", "expectedNbrOfLocations": 2}, {"from": "2016-12-13 12:45:00 +0000", "distanceEstimation": 0, "pathLocations": [{"receivedDate": "2016-12-13 13:38:44 +0000", "timestamp": "2016-12-13 12:45:00 +0000", "signal": 17.09, "seqNbr": 34, "state": "START", "sigfoxId": 1135, "lat": 0.0, "lng": 0.0}, {"receivedDate": "2016-12-13 12:57:51 +0000", "timestamp": "2016-12-13 12:49:00 +0000", "signal": 8.87, "seqNbr": 35, "state": "STOP", "sigfoxId": 1135, "lat": 0.0, "lng": 0.0}], "till": "2016-12-13 12:49:00 +0000", "intermediaryLocations": [], "type": "ON_THE_MOVE", "expectedNbrOfLocations": 2}, {"from": "2016-12-13 12:49:00 +0000", "aggregatedJourneyParts": [], "pathLocations": [{"receivedDate": "2016-12-13 12:57:51 +0000", "timestamp": "2016-12-13 12:49:00 +0000", "signal": 8.87, "seqNbr": 35, "state": "STOP", "sigfoxId": 1135, "lat": 0.0, "lng": 0.0}, {"receivedDate": "2016-12-13 14:08:54 +0000", "timestamp": "2016-12-13 13:14:00 +0000", "signal": 15.96, "seqNbr": 36, "state": "START", "sigfoxId": 1135, "lat": 0.0, "lng": 0.0}], "till": "2016-12-13 13:14:00 +0000", "type": "STOPPED", "expectedNbrOfLocations": 2}, {"from": "2016-12-13 13:14:00 +0000", "distanceEstimation": 0, "pathLocations": [{"receivedDate": "2016-12-13 14:08:54 +0000", "timestamp": "2016-12-13 13:14:00 +0000", "signal": 15.96, "seqNbr": 36, "state": "START", "sigfoxId": 1135, "lat": 0.0, "lng": 0.0}, {"receivedDate": "2016-12-13 13:25:06 +0000", "timestamp": "2016-12-13 13:17:00 +0000", "signal": 12.31, "seqNbr": 37, "state": "STOP", "sigfoxId": 1135, "lat": 0.0, "lng": 0.0}], "till": "2016-12-13 13:17:00 +0000", "intermediaryLocations": [], "type": "ON_THE_MOVE", "expectedNbrOfLocations": 2}, {"from": "2016-12-13 13:17:00 +0000", "aggregatedJourneyParts": [], "pathLocations": [{"receivedDate": "2016-12-13 13:25:06 +0000", "timestamp": "2016-12-13 13:17:00 +0000", "signal": 12.31, "seqNbr": 37, "state": "STOP", "sigfoxId": 1135, "lat": 0.0, "lng": 0.0}, {"receivedDate": "2016-12-15 11:08:36 +0000", "timestamp": "2016-12-15 11:08:00 +0000", "signal": 10.43, "seqNbr": 38, "state": "START", "sigfoxId": 1135, "lat": 0.0, "lng": 0.0}], "till": "2016-12-15 11:08:00 +0000", "type": "STOPPED", "expectedNbrOfLocations": 2}, {"from": "2016-12-15 11:08:00 +0000", "distanceEstimation": 0, "pathLocations": [{"receivedDate": "2016-12-15 11:08:36 +0000", "timestamp": "2016-12-15 11:08:00 +0000", "signal": 10.43, "seqNbr": 38, "state": "START", "sigfoxId": 1135, "lat": 0.0, "lng": 0.0}, {"receivedDate": "2016-12-15 11:17:27 +0000", "timestamp": "2016-12-15 11:09:00 +0000", "signal": 14.8, "seqNbr": 39, "state": "STOP", "sigfoxId": 1135, "lat": 0.0, "lng": 0.0}], "till": "2016-12-15 11:09:00 +0000", "intermediaryLocations": [], "type": "ON_THE_MOVE", "expectedNbrOfLocations": 2}, {"from": "2016-12-15 11:09:00 +0000", "aggregatedJourneyParts": [], "pathLocations": [{"receivedDate": "2016-12-15 11:17:27 +0000", "timestamp": "2016-12-15 11:09:00 +0000", "signal": 14.8, "seqNbr": 39, "state": "STOP", "sigfoxId": 1135, "lat": 0.0, "lng": 0.0}, {"receivedDate": "2016-12-16 11:54:24 +0000", "timestamp": "2016-12-16 11:54:00 +0000", "signal": 16.17, "seqNbr": 40, "state": "START", "sigfoxId": 1135, "lat": 0.0, "lng": 0.0}], "till": "2016-12-16 11:54:00 +0000", "type": "STOPPED", "expectedNbrOfLocations": 2}, {"from": "2016-12-16 11:54:00 +0000", "distanceEstimation": 0, "pathLocations": [{"receivedDate": "2016-12-16 11:54:24 +0000", "timestamp": "2016-12-16 11:54:00 +0000", "signal": 16.17, "seqNbr": 40, "state": "START", "sigfoxId": 1135, "lat": 0.0, "lng": 0.0}, {"receivedDate": "2016-12-16 12:02:54 +0000", "timestamp": "2016-12-16 11:54:00 +0000", "signal": 12.06, "seqNbr": 41, "state": "STOP", "sigfoxId": 1135, "lat": 0.0, "lng": 0.0}], "till": "2016-12-16 11:54:00 +0000", "intermediaryLocations": [], "type": "ON_THE_MOVE", "expectedNbrOfLocations": 2}, {"from": "2016-12-16 11:54:00 +0000", "aggregatedJourneyParts": [], "pathLocations": [{"receivedDate": "2016-12-16 12:02:54 +0000", "timestamp": "2016-12-16 11:54:00 +0000", "signal": 12.06, "seqNbr": 41, "state": "STOP", "sigfoxId": 1135, "lat": 0.0, "lng": 0.0}, {"receivedDate": "2016-12-16 12:03:01 +0000", "timestamp": "2016-12-16 12:00:00 +0000", "signal": 11.77, "seqNbr": 42, "state": "START", "sigfoxId": 1135, "lat": 0.0, "lng": 0.0}], "till": "2016-12-16 12:00:00 +0000", "type": "STOPPED", "expectedNbrOfLocations": 2}, {"from": "2016-12-16 12:00:00 +0000", "distanceEstimation": 0, "pathLocations": [{"receivedDate": "2016-12-16 12:03:01 +0000", "timestamp": "2016-12-16 12:00:00 +0000", "signal": 11.77, "seqNbr": 42, "state": "START", "sigfoxId": 1135, "lat": 0.0, "lng": 0.0}, {"receivedDate": "2016-12-16 12:08:15 +0000", "timestamp": "2016-12-16 12:00:00 +0000", "signal": 13.5, "seqNbr": 43, "state": "STOP", "sigfoxId": 1135, "lat": 0.0, "lng": 0.0}], "till": "2016-12-16 12:00:00 +0000", "intermediaryLocations": [], "type": "ON_THE_MOVE", "expectedNbrOfLocations": 2}, {"from": "2016-12-16 12:00:00 +0000", "aggregatedJourneyParts": [], "pathLocations": [{"receivedDate": "2016-12-16 12:08:15 +0000", "timestamp": "2016-12-16 12:00:00 +0000", "signal": 13.5, "seqNbr": 43, "state": "STOP", "sigfoxId": 1135, "lat": 0.0, "lng": 0.0}, {"receivedDate": "2016-12-19 07:03:52 +0000", "timestamp": "2016-12-19 07:04:00 +0000", "signal": 19.68, "seqNbr": 44, "state": "START", "sigfoxId": 1135, "lat": 0.0, "lng": 0.0}], "till": "2016-12-19 07:04:00 +0000", "type": "STOPPED", "expectedNbrOfLocations": 2}, {"from": "2016-12-19 07:04:00 +0000", "distanceEstimation": 0, "pathLocations": [{"receivedDate": "2016-12-19 07:03:52 +0000", "timestamp": "2016-12-19 07:04:00 +0000", "signal": 19.68, "seqNbr": 44, "state": "START", "sigfoxId": 1135, "lat": 0.0, "lng": 0.0}, {"receivedDate": "2016-12-19 07:13:08 +0000", "timestamp": "2016-12-19 07:05:00 +0000", "signal": 18.51, "seqNbr": 45, "state": "STOP", "sigfoxId": 1135, "lat": 0.0, "lng": 0.0}], "till": "2016-12-19 07:05:00 +0000", "intermediaryLocations": [], "type": "ON_THE_MOVE", "expectedNbrOfLocations": 2}, {"from": "2016-12-19 07:05:00 +0000", "aggregatedJourneyParts": [], "pathLocations": [{"receivedDate": "2016-12-19 07:13:08 +0000", "timestamp": "2016-12-19 07:05:00 +0000", "signal": 18.51, "seqNbr": 45, "state": "STOP", "sigfoxId": 1135, "lat": 0.0, "lng": 0.0}, {"receivedDate": "2016-12-19 07:18:51 +0000", "timestamp": "2016-12-19 07:19:00 +0000", "signal": 16.59, "seqNbr": 46, "state": "START", "sigfoxId": 1135, "lat": 0.0, "lng": 0.0}], "till": "2016-12-19 07:19:00 +0000", "type": "STOPPED", "expectedNbrOfLocations": 2}, {"from": "2016-12-19 07:19:00 +0000", "distanceEstimation": 0, "pathLocations": [{"receivedDate": "2016-12-19 07:18:51 +0000", "timestamp": "2016-12-19 07:19:00 +0000", "signal": 16.59, "seqNbr": 46, "state": "START", "sigfoxId": 1135, "lat": 0.0, "lng": 0.0}, {"receivedDate": "2016-12-19 07:29:33 +0000", "timestamp": "2016-12-19 07:21:00 +0000", "signal": 18.31, "seqNbr": 47, "state": "STOP", "sigfoxId": 1135, "lat": 0.0, "lng": 0.0}], "till": "2016-12-19 07:21:00 +0000", "intermediaryLocations": [], "type": "ON_THE_MOVE", "expectedNbrOfLocations": 2}, {"from": "2016-12-19 07:21:00 +0000", "aggregatedJourneyParts": [], "pathLocations": [{"receivedDate": "2016-12-19 07:29:33 +0000", "timestamp": "2016-12-19 07:21:00 +0000", "signal": 18.31, "seqNbr": 47, "state": "STOP", "sigfoxId": 1135, "lat": 0.0, "lng": 0.0}, {"receivedDate": "2016-12-19 07:42:03 +0000", "timestamp": "2016-12-19 07:42:00 +0000", "signal": 16.23, "seqNbr": 48, "state": "START", "sigfoxId": 1135, "lat": 0.0, "lng": 0.0}], "till": "2016-12-19 07:42:00 +0000", "type": "STOPPED", "expectedNbrOfLocations": 2}, {"from": "2016-12-19 07:42:00 +0000", "distanceEstimation": 0, "pathLocations": [{"receivedDate": "2016-12-19 07:42:03 +0000", "timestamp": "2016-12-19 07:42:00 +0000", "signal": 16.23, "seqNbr": 48, "state": "START", "sigfoxId": 1135, "lat": 0.0, "lng": 0.0}, {"receivedDate": "2016-12-19 08:54:22 +0000", "timestamp": "2016-12-19 07:47:00 +0000", "signal": 17.51, "seqNbr": 49, "state": "STOP", "sigfoxId": 1135, "lat": 0.0, "lng": 0.0}], "till": "2016-12-19 07:47:00 +0000", "intermediaryLocations": [], "type": "ON_THE_MOVE", "expectedNbrOfLocations": 2}, {"from": "2016-12-19 07:47:00 +0000", "aggregatedJourneyParts": [], "pathLocations": [{"receivedDate": "2016-12-19 08:54:22 +0000", "timestamp": "2016-12-19 07:47:00 +0000", "signal": 17.51, "seqNbr": 49, "state": "STOP", "sigfoxId": 1135, "lat": 0.0, "lng": 0.0}, {"receivedDate": "2016-12-19 07:57:04 +0000", "timestamp": "2016-12-19 07:57:00 +0000", "signal": 15.59, "seqNbr": 50, "state": "START", "sigfoxId": 1135, "lat": 0.0, "lng": 0.0}], "till": "2016-12-19 07:57:00 +0000", "type": "STOPPED", "expectedNbrOfLocations": 2}, {"from": "2016-12-19 07:57:00 +0000", "distanceEstimation": 0, "pathLocations": [{"receivedDate": "2016-12-19 07:57:04 +0000", "timestamp": "2016-12-19 07:57:00 +0000", "signal": 15.59, "seqNbr": 50, "state": "START", "sigfoxId": 1135, "lat": 0.0, "lng": 0.0}, {"receivedDate": "2016-12-19 08:05:29 +0000", "timestamp": "2016-12-19 07:57:00 +0000", "signal": 14.91, "seqNbr": 51, "state": "STOP", "sigfoxId": 1135, "lat": 0.0, "lng": 0.0}], "till": "2016-12-19 07:57:00 +0000", "intermediaryLocations": [], "type": "ON_THE_MOVE", "expectedNbrOfLocations": 2}, {"from": "2016-12-19 07:57:00 +0000", "aggregatedJourneyParts": [], "pathLocations": [{"receivedDate": "2016-12-19 08:05:29 +0000", "timestamp": "2016-12-19 07:57:00 +0000", "signal": 14.91, "seqNbr": 51, "state": "STOP", "sigfoxId": 1135, "lat": 0.0, "lng": 0.0}, {"receivedDate": "2016-12-19 08:37:38 +0000", "timestamp": "2016-12-19 08:38:00 +0000", "signal": 10.25, "seqNbr": 52, "state": "START", "sigfoxId": 1135, "lat": 0.0, "lng": 0.0}], "till": "2016-12-19 08:38:00 +0000", "type": "STOPPED", "expectedNbrOfLocations": 2}, {"from": "2016-12-19 08:38:00 +0000", "distanceEstimation": 6303218, "pathLocations": [{"receivedDate": "2016-12-19 08:37:38 +0000", "timestamp": "2016-12-19 08:38:00 +0000", "signal": 10.25, "seqNbr": 52, "state": "START", "sigfoxId": 1135, "lat": 0.0, "lng": 0.0}, {"fixTime": 51, "receivedDate": "2016-12-19 08:48:07 +0000", "timestamp": "2016-12-19 08:42:00 +0000", "signal": 19.54, "address": "[ Undecoded ]", "sigfoxId": 1135, "state": "STOP", "seqNbr": 53, "lat": 55.76967, "lng": 12.50137, "accuracy": 10}], "till": "2016-12-19 08:42:00 +0000", "intermediaryLocations": [], "type": "ON_THE_MOVE", "expectedNbrOfLocations": 2}, {"from": "2016-12-19 08:42:00 +0000", "aggregatedJourneyParts": [], "pathLocations": [{"fixTime": 51, "receivedDate": "2016-12-19 08:48:07 +0000", "timestamp": "2016-12-19 08:42:00 +0000", "signal": 19.54, "address": "[ Undecoded ]", "sigfoxId": 1135, "state": "STOP", "seqNbr": 53, "lat": 55.76967, "lng": 12.50137, "accuracy": 10}, {"fixTime": 51, "receivedDate": "2016-12-19 10:55:21 +0000", "timestamp": "2016-12-19 09:59:00 +0000", "signal": 16.14, "address": "[ Undecoded ]", "sigfoxId": 1135, "state": "START", "seqNbr": 54, "lat": 55.76967, "lng": 12.50137, "accuracy": 10}], "till": "2016-12-19 09:59:00 +0000", "type": "STOPPED", "expectedNbrOfLocations": 2}, {"from": "2016-12-19 09:59:00 +0000", "distanceEstimation": 2916, "pathLocations": [{"fixTime": 51, "receivedDate": "2016-12-19 10:55:21 +0000", "timestamp": "2016-12-19 09:59:00 +0000", "signal": 16.14, "address": "[ Undecoded ]", "sigfoxId": 1135, "state": "START", "seqNbr": 54, "lat": 55.76967, "lng": 12.50137, "accuracy": 10}, {"fixTime": 12, "receivedDate": "2016-12-19 10:11:38 +0000", "timestamp": "2016-12-19 10:06:00 +0000", "signal": 10.18, "address": "[ Undecoded ]", "sigfoxId": 1135, "state": "STOP", "seqNbr": 55, "lat": 55.7435, "lng": 12.49822, "accuracy": 20}], "till": "2016-12-19 10:06:00 +0000", "intermediaryLocations": [], "type": "ON_THE_MOVE", "expectedNbrOfLocations": 2}, {"from": "2016-12-19 10:06:00 +0000", "aggregatedJourneyParts": [], "pathLocations": [{"fixTime": 12, "receivedDate": "2016-12-19 10:11:38 +0000", "timestamp": "2016-12-19 10:06:00 +0000", "signal": 10.18, "address": "[ Undecoded ]", "sigfoxId": 1135, "state": "STOP", "seqNbr": 55, "lat": 55.7435, "lng": 12.49822, "accuracy": 20}, {"fixTime": 12, "receivedDate": "2016-12-19 12:40:37 +0000", "timestamp": "2016-12-19 11:40:00 +0000", "signal": 17.91, "address": "[ Undecoded ]", "sigfoxId": 1135, "state": "START", "seqNbr": 56, "lat": 55.7435, "lng": 12.49822, "accuracy": 20}], "till": "2016-12-19 11:40:00 +0000", "type": "STOPPED", "expectedNbrOfLocations": 2}, {"from": "2016-12-19 11:40:00 +0000", "distanceEstimation": 4318, "pathLocations": [{"fixTime": 12, "receivedDate": "2016-12-19 12:40:37 +0000", "timestamp": "2016-12-19 11:40:00 +0000", "signal": 17.91, "address": "[ Undecoded ]", "sigfoxId": 1135, "state": "START", "seqNbr": 56, "lat": 55.7435, "lng": 12.49822, "accuracy": 20}, {"fixTime": 39, "receivedDate": "2016-12-19 11:55:45 +0000", "timestamp": "2016-12-19 11:50:00 +0000", "signal": 13.8, "address": "[ Undecoded ]", "sigfoxId": 1135, "state": "STOP", "seqNbr": 57, "lat": 55.77558, "lng": 12.45931, "accuracy": 15}], "till": "2016-12-19 11:50:00 +0000", "intermediaryLocations": [], "type": "ON_THE_MOVE", "expectedNbrOfLocations": 2}, {"from": "2016-12-19 11:50:00 +0000", "aggregatedJourneyParts": [], "pathLocations": [{"fixTime": 39, "receivedDate": "2016-12-19 11:55:45 +0000", "timestamp": "2016-12-19 11:50:00 +0000", "signal": 13.8, "address": "[ Undecoded ]", "sigfoxId": 1135, "state": "STOP", "seqNbr": 57, "lat": 55.77558, "lng": 12.45931, "accuracy": 15}, {"fixTime": 39, "receivedDate": "2016-12-19 12:00:23 +0000", "timestamp": "2016-12-19 12:00:00 +0000", "signal": 36.88, "address": "[ Undecoded ]", "sigfoxId": 1135, "state": "START", "seqNbr": 58, "lat": 55.77558, "lng": 12.45931, "accuracy": 15}], "till": "2016-12-19 12:00:00 +0000", "type": "STOPPED", "expectedNbrOfLocations": 2}, {"from": "2016-12-19 12:00:00 +0000", "distanceEstimation": 2728, "pathLocations": [{"fixTime": 39, "receivedDate": "2016-12-19 12:00:23 +0000", "timestamp": "2016-12-19 12:00:00 +0000", "signal": 36.88, "address": "[ Undecoded ]", "sigfoxId": 1135, "state": "START", "seqNbr": 58, "lat": 55.77558, "lng": 12.45931, "accuracy": 15}, {"fixTime": 22, "receivedDate": "2016-12-19 12:15:08 +0000", "timestamp": "2016-12-19 12:09:00 +0000", "signal": 19.02, "address": "[ Undecoded ]", "sigfoxId": 1135, "state": "STOP", "seqNbr": 59, "lat": 55.76959, "lng": 12.50161, "accuracy": 15}], "till": "2016-12-19 12:09:00 +0000", "intermediaryLocations": [], "type": "ON_THE_MOVE", "expectedNbrOfLocations": 2}, {"from": "2016-12-19 12:09:00 +0000", "aggregatedJourneyParts": [], "pathLocations": [{"fixTime": 22, "receivedDate": "2016-12-19 12:15:08 +0000", "timestamp": "2016-12-19 12:09:00 +0000", "signal": 19.02, "address": "[ Undecoded ]", "sigfoxId": 1135, "state": "STOP", "seqNbr": 59, "lat": 55.76959, "lng": 12.50161, "accuracy": 15}, {"fixTime": 22, "receivedDate": "2016-12-20 12:41:19 +0000", "timestamp": "2016-12-20 12:41:00 +0000", "signal": 16.94, "address": "[ Undecoded ]", "sigfoxId": 1135, "state": "START", "seqNbr": 60, "lat": 55.76959, "lng": 12.50161, "accuracy": 15}], "till": "2016-12-20 12:41:00 +0000", "type": "STOPPED", "expectedNbrOfLocations": 2}, {"from": "2016-12-20 12:41:00 +0000", "distanceEstimation": 5, "pathLocations": [{"fixTime": 22, "receivedDate": "2016-12-20 12:41:19 +0000", "timestamp": "2016-12-20 12:41:00 +0000", "signal": 16.94, "address": "[ Undecoded ]", "sigfoxId": 1135, "state": "START", "seqNbr": 60, "lat": 55.76959, "lng": 12.50161, "accuracy": 15}, {"fixTime": 29, "receivedDate": "2016-12-20 12:54:17 +0000", "timestamp": "2016-12-20 12:48:00 +0000", "signal": 17.76, "address": "[ Undecoded ]", "sigfoxId": 1135, "state": "STOP", "seqNbr": 61, "lat": 55.76954, "lng": 12.50161, "accuracy": 20}], "till": "2016-12-20 12:48:00 +0000", "intermediaryLocations": [], "type": "ON_THE_MOVE", "expectedNbrOfLocations": 2}, {"from": "2016-12-20 12:48:00 +0000", "aggregatedJourneyParts": [], "pathLocations": [{"fixTime": 29, "receivedDate": "2016-12-20 12:54:17 +0000", "timestamp": "2016-12-20 12:48:00 +0000", "signal": 17.76, "address": "[ Undecoded ]", "sigfoxId": 1135, "state": "STOP", "seqNbr": 61, "lat": 55.76954, "lng": 12.50161, "accuracy": 20}, {"fixTime": 29, "receivedDate": "2016-12-21 09:15:39 +0000", "timestamp": "2016-12-21 09:15:00 +0000", "signal": 11.73, "address": "[ Undecoded ]", "sigfoxId": 1135, "state": "START", "seqNbr": 62, "lat": 55.76954, "lng": 12.50161, "accuracy": 20}], "till": "2016-12-21 09:15:00 +0000", "type": "STOPPED", "expectedNbrOfLocations": 2}, {"from": "2016-12-21 09:15:00 +0000", "distanceEstimation": 322, "pathLocations": [{"fixTime": 29, "receivedDate": "2016-12-21 09:15:39 +0000", "timestamp": "2016-12-21 09:15:00 +0000", "signal": 11.73, "address": "[ Undecoded ]", "sigfoxId": 1135, "state": "START", "seqNbr": 62, "lat": 55.76954, "lng": 12.50161, "accuracy": 20}, {"fixTime": 55, "receivedDate": "2016-12-21 09:28:45 +0000", "timestamp": "2016-12-21 09:22:00 +0000", "signal": 18.24, "address": "[ Undecoded ]", "sigfoxId": 1135, "state": "STOP", "seqNbr": 0, "lat": 55.772, "lng": 12.50435, "accuracy": 10}], "till": "2016-12-21 09:22:00 +0000", "intermediaryLocations": [], "type": "ON_THE_MOVE", "expectedNbrOfLocations": 2}, {"from": "2016-12-21 09:22:00 +0000", "aggregatedJourneyParts": [], "pathLocations": [{"fixTime": 55, "receivedDate": "2016-12-21 09:28:45 +0000", "timestamp": "2016-12-21 09:22:00 +0000", "signal": 18.24, "address": "[ Undecoded ]", "sigfoxId": 1135, "state": "STOP", "seqNbr": 0, "lat": 55.772, "lng": 12.50435, "accuracy": 10}, {"fixTime": 55, "receivedDate": "2016-12-21 10:25:55 +0000", "timestamp": "2016-12-21 09:31:00 +0000", "signal": 15.09, "address": "[ Undecoded ]", "sigfoxId": 1135, "state": "START", "seqNbr": 1, "lat": 55.772, "lng": 12.50435, "accuracy": 10}], "till": "2016-12-21 09:31:00 +0000", "type": "STOPPED", "expectedNbrOfLocations": 2}, {"from": "2016-12-21 09:31:00 +0000", "distanceEstimation": 310, "pathLocations": [{"fixTime": 55, "receivedDate": "2016-12-21 10:25:55 +0000", "timestamp": "2016-12-21 09:31:00 +0000", "signal": 15.09, "address": "[ Undecoded ]", "sigfoxId": 1135, "state": "START", "seqNbr": 1, "lat": 55.772, "lng": 12.50435, "accuracy": 10}, {"fixTime": 34, "receivedDate": "2016-12-21 09:52:39 +0000", "timestamp": "2016-12-21 09:51:00 +0000", "signal": 61.79, "address": "[ Undecoded ]", "sigfoxId": 1135, "state": "ON_THE_MOVE", "seqNbr": 2, "lat": 55.76965, "lng": 12.50176, "accuracy": 10}, {"fixTime": 10, "receivedDate": "2016-12-21 09:58:40 +0000", "timestamp": "2016-12-21 09:53:00 +0000", "signal": 18.88, "address": "[ Undecoded ]", "sigfoxId": 1135, "state": "STOP", "seqNbr": 3, "lat": 55.76962, "lng": 12.50177, "accuracy": 15}], "till": "2016-12-21 09:53:00 +0000", "intermediaryLocations": [], "type": "ON_THE_MOVE", "expectedNbrOfLocations": 3}, {"from": "2016-12-21 09:53:00 +0000", "aggregatedJourneyParts": [], "pathLocations": [{"fixTime": 10, "receivedDate": "2016-12-21 09:58:40 +0000", "timestamp": "2016-12-21 09:53:00 +0000", "signal": 18.88, "address": "[ Undecoded ]", "sigfoxId": 1135, "state": "STOP", "seqNbr": 3, "lat": 55.76962, "lng": 12.50177, "accuracy": 15}, {"fixTime": 10, "receivedDate": "2017-01-05 09:54:39 +0000", "timestamp": "2017-01-05 09:03:00 +0000", "signal": 17.28, "address": "[ Undecoded ]", "sigfoxId": 1135, "state": "START", "seqNbr": 4, "lat": 55.76962, "lng": 12.50177, "accuracy": 15}], "till": "2017-01-05 09:03:00 +0000", "type": "STOPPED", "expectedNbrOfLocations": 2}, {"from": "2017-01-05 09:03:00 +0000", "distanceEstimation": 5249, "pathLocations": [{"fixTime": 10, "receivedDate": "2017-01-05 09:54:39 +0000", "timestamp": "2017-01-05 09:03:00 +0000", "signal": 17.28, "address": "[ Undecoded ]", "sigfoxId": 1135, "state": "START", "seqNbr": 4, "lat": 55.76962, "lng": 12.50177, "accuracy": 15}, {"fixTime": 30, "receivedDate": "2017-01-05 09:25:04 +0000", "timestamp": "2017-01-05 09:23:00 +0000", "signal": 18.66, "address": "[ Undecoded ]", "sigfoxId": 1135, "state": "ON_THE_MOVE", "seqNbr": 5, "lat": 55.77804, "lng": 12.53121, "accuracy": 15}, {"fixTime": 10, "receivedDate": "2017-01-05 10:39:55 +0000", "timestamp": "2017-01-05 09:43:00 +0000", "signal": 61.66, "address": "[ Undecoded ]", "sigfoxId": 1135, "state": "ON_THE_MOVE", "seqNbr": 6, "lat": 55.7736, "lng": 12.54039, "accuracy": 20}, {"fixTime": 8, "receivedDate": "2017-01-05 09:55:30 +0000", "timestamp": "2017-01-05 09:50:00 +0000", "signal": 19.02, "address": "[ Undecoded ]", "sigfoxId": 1135, "state": "STOP", "seqNbr": 7, "lat": 55.76982, "lng": 12.50218, "accuracy": 15}], "till": "2017-01-05 09:50:00 +0000", "intermediaryLocations": [], "type": "ON_THE_MOVE", "expectedNbrOfLocations": 4}, {"from": "2017-01-05 09:50:00 +0000", "aggregatedJourneyParts": [], "pathLocations": [{"fixTime": 8, "receivedDate": "2017-01-05 09:55:30 +0000", "timestamp": "2017-01-05 09:50:00 +0000", "signal": 19.02, "address": "[ Undecoded ]", "sigfoxId": 1135, "state": "STOP", "seqNbr": 7, "lat": 55.76982, "lng": 12.50218, "accuracy": 15}, {"fixTime": 8, "receivedDate": "2017-01-14 11:21:54 +0000", "timestamp": "2017-01-14 11:21:00 +0000", "signal": 14.5, "address": "[ Undecoded ]", "sigfoxId": 1135, "state": "START", "seqNbr": 8, "lat": 55.76982, "lng": 12.50218, "accuracy": 15}], "till": "2017-01-14 11:21:00 +0000", "type": "STOPPED", "expectedNbrOfLocations": 2}, {"from": "2017-01-14 11:21:00 +0000", "distanceEstimation": 461, "pathLocations": [{"fixTime": 8, "receivedDate": "2017-01-14 11:21:54 +0000", "timestamp": "2017-01-14 11:21:00 +0000", "signal": 14.5, "address": "[ Undecoded ]", "sigfoxId": 1135, "state": "START", "seqNbr": 8, "lat": 55.76982, "lng": 12.50218, "accuracy": 15}, {"fixTime": 30, "receivedDate": "2017-01-14 11:45:14 +0000", "timestamp": "2017-01-14 11:39:00 +0000", "signal": 7.53, "address": "[ Undecoded ]", "sigfoxId": 1135, "state": "STOP", "seqNbr": 10, "lat": 55.77142, "lng": 12.50899, "accuracy": 15}], "till": "2017-01-14 11:39:00 +0000", "intermediaryLocations": [], "type": "ON_THE_MOVE", "expectedNbrOfLocations": 3}, {"from": "2017-01-14 11:39:00 +0000", "aggregatedJourneyParts": [], "pathLocations": [{"fixTime": 30, "receivedDate": "2017-01-14 11:45:14 +0000", "timestamp": "2017-01-14 11:39:00 +0000", "signal": 7.53, "address": "[ Undecoded ]", "sigfoxId": 1135, "state": "STOP", "seqNbr": 10, "lat": 55.77142, "lng": 12.50899, "accuracy": 15}, {"fixTime": 30, "receivedDate": "2017-01-14 16:43:51 +0000", "timestamp": "2017-01-14 16:43:00 +0000", "signal": 16.45, "address": "[ Undecoded ]", "sigfoxId": 1135, "state": "START", "seqNbr": 11, "lat": 55.77142, "lng": 12.50899, "accuracy": 15}], "till": "2017-01-14 16:43:00 +0000", "type": "STOPPED", "expectedNbrOfLocations": 2}, {"from": "2017-01-14 16:43:00 +0000", "distanceEstimation": 502, "pathLocations": [{"fixTime": 30, "receivedDate": "2017-01-14 16:43:51 +0000", "timestamp": "2017-01-14 16:43:00 +0000", "signal": 16.45, "address": "[ Undecoded ]", "sigfoxId": 1135, "state": "START", "seqNbr": 11, "lat": 55.77142, "lng": 12.50899, "accuracy": 15}, {"fixTime": 46, "receivedDate": "2017-01-14 17:04:45 +0000", "timestamp": "2017-01-14 17:03:00 +0000", "signal": 19.56, "address": "[ Undecoded ]", "sigfoxId": 1135, "state": "ON_THE_MOVE", "seqNbr": 12, "lat": 55.76959, "lng": 12.50183, "accuracy": 15}, {"fixTime": 16, "receivedDate": "2017-01-14 17:15:16 +0000", "timestamp": "2017-01-14 17:09:00 +0000", "signal": 19.33, "address": "[ Undecoded ]", "sigfoxId": 1135, "state": "STOP", "seqNbr": 13, "lat": 55.76966, "lng": 12.50193, "accuracy": 20}], "till": "2017-01-14 17:09:00 +0000", "intermediaryLocations": [], "type": "ON_THE_MOVE", "expectedNbrOfLocations": 3}, {"from": "2017-01-14 17:09:00 +0000", "aggregatedJourneyParts": [], "pathLocations": [{"fixTime": 16, "receivedDate": "2017-01-14 17:15:16 +0000", "timestamp": "2017-01-14 17:09:00 +0000", "signal": 19.33, "address": "[ Undecoded ]", "sigfoxId": 1135, "state": "STOP", "seqNbr": 13, "lat": 55.76966, "lng": 12.50193, "accuracy": 20}, {"fixTime": 16, "receivedDate": "2017-01-16 07:52:17 +0000", "timestamp": "2017-01-16 07:52:00 +0000", "signal": 14.7, "address": "[ Undecoded ]", "sigfoxId": 1135, "state": "START", "seqNbr": 14, "lat": 55.76966, "lng": 12.50193, "accuracy": 20}], "till": "2017-01-16 07:52:00 +0000", "type": "STOPPED", "expectedNbrOfLocations": 2}, {"from": "2017-01-16 07:52:00 +0000", "distanceEstimation": 17, "pathLocations": [{"fixTime": 16, "receivedDate": "2017-01-16 07:52:17 +0000", "timestamp": "2017-01-16 07:52:00 +0000", "signal": 14.7, "address": "[ Undecoded ]", "sigfoxId": 1135, "state": "START", "seqNbr": 14, "lat": 55.76966, "lng": 12.50193, "accuracy": 20}, {"fixTime": 34, "receivedDate": "2017-01-16 07:59:27 +0000", "timestamp": "2017-01-16 07:53:00 +0000", "signal": 17.32, "address": "[ Undecoded ]", "sigfoxId": 1135, "state": "STOP", "seqNbr": 15, "lat": 55.76956, "lng": 12.50215, "accuracy": 10}], "till": "2017-01-16 07:53:00 +0000", "intermediaryLocations": [], "type": "ON_THE_MOVE", "expectedNbrOfLocations": 2}, {"from": "2017-01-16 07:53:00 +0000", "aggregatedJourneyParts": [], "pathLocations": [{"fixTime": 34, "receivedDate": "2017-01-16 07:59:27 +0000", "timestamp": "2017-01-16 07:53:00 +0000", "signal": 17.32, "address": "[ Undecoded ]", "sigfoxId": 1135, "state": "STOP", "seqNbr": 15, "lat": 55.76956, "lng": 12.50215, "accuracy": 10}, {"fixTime": 34, "receivedDate": "2017-01-16 08:21:30 +0000", "timestamp": "2017-01-16 08:21:00 +0000", "signal": 14.95, "address": "[ Undecoded ]", "sigfoxId": 1135, "state": "START", "seqNbr": 16, "lat": 55.76956, "lng": 12.50215, "accuracy": 10}], "till": "2017-01-16 08:21:00 +0000", "type": "STOPPED", "expectedNbrOfLocations": 2}, {"from": "2017-01-16 08:21:00 +0000", "distanceEstimation": 706, "pathLocations": [{"fixTime": 34, "receivedDate": "2017-01-16 08:21:30 +0000", "timestamp": "2017-01-16 08:21:00 +0000", "signal": 14.95, "address": "[ Undecoded ]", "sigfoxId": 1135, "state": "START", "seqNbr": 16, "lat": 55.76956, "lng": 12.50215, "accuracy": 10}, {"fixTime": 36, "receivedDate": "2017-01-16 08:42:16 +0000", "timestamp": "2017-01-16 08:41:00 +0000", "signal": 16.88, "address": "[ Undecoded ]", "sigfoxId": 1135, "state": "ON_THE_MOVE", "seqNbr": 17, "lat": 55.76977, "lng": 12.50172, "accuracy": 10}, {"fixTime": 60, "receivedDate": "2017-01-16 09:51:52 +0000", "timestamp": "2017-01-16 09:01:00 +0000", "signal": 18.93, "address": "[ Undecoded ]", "sigfoxId": 1135, "state": "ON_THE_MOVE", "seqNbr": 18, "lat": 55.77274, "lng": 12.5007, "accuracy": 10}, {"fixTime": 26, "receivedDate": "2017-01-16 09:22:17 +0000", "timestamp": "2017-01-16 09:16:00 +0000", "signal": 18.43, "address": "[ Undecoded ]", "sigfoxId": 1135, "state": "STOP", "seqNbr": 19, "lat": 55.76981, "lng": 12.50192, "accuracy": 15}], "till": "2017-01-16 09:16:00 +0000", "intermediaryLocations": [], "type": "ON_THE_MOVE", "expectedNbrOfLocations": 4}, {"from": "2017-01-16 09:16:00 +0000", "aggregatedJourneyParts": [], "pathLocations": [{"fixTime": 26, "receivedDate": "2017-01-16 09:22:17 +0000", "timestamp": "2017-01-16 09:16:00 +0000", "signal": 18.43, "address": "[ Undecoded ]", "sigfoxId": 1135, "state": "STOP", "seqNbr": 19, "lat": 55.76981, "lng": 12.50192, "accuracy": 15}, {"fixTime": 26, "receivedDate": "2017-01-30 08:09:33 +0000", "timestamp": "2017-01-30 08:09:00 +0000", "signal": 14.94, "address": "[ Undecoded ]", "sigfoxId": 1135, "state": "START", "seqNbr": 20, "lat": 55.76981, "lng": 12.50192, "accuracy": 15}], "till": "2017-01-30 08:09:00 +0000", "type": "STOPPED", "expectedNbrOfLocations": 2}, {"from": "2017-01-30 08:09:00 +0000", "distanceEstimation": 455, "pathLocations": [{"fixTime": 26, "receivedDate": "2017-01-30 08:09:33 +0000", "timestamp": "2017-01-30 08:09:00 +0000", "signal": 14.94, "address": "[ Undecoded ]", "sigfoxId": 1135, "state": "START", "seqNbr": 20, "lat": 55.76981, "lng": 12.50192, "accuracy": 15}, {"fixTime": 54, "receivedDate": "2017-01-30 08:21:20 +0000", "timestamp": "2017-01-30 08:12:00 +0000", "signal": 18.59, "address": "[ Undecoded ]", "sigfoxId": 1135, "state": "STOP", "seqNbr": 21, "lat": 55.77159, "lng": 12.50847, "accuracy": 15}], "till": "2017-01-30 08:12:00 +0000", "intermediaryLocations": [], "type": "ON_THE_MOVE", "expectedNbrOfLocations": 2}, {"from": "2017-01-30 08:12:00 +0000", "aggregatedJourneyParts": [], "pathLocations": [{"fixTime": 54, "receivedDate": "2017-01-30 08:21:20 +0000", "timestamp": "2017-01-30 08:12:00 +0000", "signal": 18.59, "address": "[ Undecoded ]", "sigfoxId": 1135, "state": "STOP", "seqNbr": 21, "lat": 55.77159, "lng": 12.50847, "accuracy": 15}, {"fixTime": 54, "receivedDate": "2017-01-30 08:33:10 +0000", "timestamp": "2017-01-30 08:33:00 +0000", "signal": 16.7, "address": "[ Undecoded ]", "sigfoxId": 1135, "state": "START", "seqNbr": 22, "lat": 55.77159, "lng": 12.50847, "accuracy": 15}], "till": "2017-01-30 08:33:00 +0000", "type": "STOPPED", "expectedNbrOfLocations": 2}, {"from": "2017-01-30 08:33:00 +0000", "distanceEstimation": 3668, "pathLocations": [{"fixTime": 54, "receivedDate": "2017-01-30 08:33:10 +0000", "timestamp": "2017-01-30 08:33:00 +0000", "signal": 16.7, "address": "[ Undecoded ]", "sigfoxId": 1135, "state": "START", "seqNbr": 22, "lat": 55.77159, "lng": 12.50847, "accuracy": 15}, {"fixTime": 36, "receivedDate": "2017-01-30 08:53:55 +0000", "timestamp": "2017-01-30 08:53:00 +0000", "signal": 9.92, "address": "[ Undecoded ]", "sigfoxId": 1135, "state": "ON_THE_MOVE", "seqNbr": 23, "lat": 55.78546, "lng": 12.48671, "accuracy": 15}, {"fixTime": 33, "receivedDate": "2017-01-30 09:11:36 +0000", "timestamp": "2017-01-30 09:05:00 +0000", "signal": 16.51, "address": "[ Undecoded ]", "sigfoxId": 1135, "state": "STOP", "seqNbr": 24, "lat": 55.78794, "lng": 12.51211, "accuracy": 20}], "till": "2017-01-30 09:05:00 +0000", "intermediaryLocations": [], "type": "ON_THE_MOVE", "expectedNbrOfLocations": 3}, {"from": "2017-01-30 09:05:00 +0000", "aggregatedJourneyParts": [], "pathLocations": [{"fixTime": 33, "receivedDate": "2017-01-30 09:11:36 +0000", "timestamp": "2017-01-30 09:05:00 +0000", "signal": 16.51, "address": "[ Undecoded ]", "sigfoxId": 1135, "state": "STOP", "seqNbr": 24, "lat": 55.78794, "lng": 12.51211, "accuracy": 20}, {"fixTime": 33, "receivedDate": "2017-01-30 10:43:20 +0000", "timestamp": "2017-01-30 09:48:00 +0000", "signal": 17.03, "address": "[ Undecoded ]", "sigfoxId": 1135, "state": "START", "seqNbr": 25, "lat": 55.78794, "lng": 12.51211, "accuracy": 20}], "till": "2017-01-30 09:48:00 +0000", "type": "STOPPED", "expectedNbrOfLocations": 2}, {"from": "2017-01-30 09:48:00 +0000", "distanceEstimation": 2125, "pathLocations": [{"fixTime": 33, "receivedDate": "2017-01-30 10:43:20 +0000", "timestamp": "2017-01-30 09:48:00 +0000", "signal": 17.03, "address": "[ Undecoded ]", "sigfoxId": 1135, "state": "START", "seqNbr": 25, "lat": 55.78794, "lng": 12.51211, "accuracy": 20}, {"fixTime": 33, "receivedDate": "2017-01-30 10:05:09 +0000", "timestamp": "2017-01-30 09:59:00 +0000", "signal": 19.08, "address": "[ Undecoded ]", "sigfoxId": 1135, "state": "STOP", "seqNbr": 26, "lat": 55.76974, "lng": 12.50173, "accuracy": 10}], "till": "2017-01-30 09:59:00 +0000", "intermediaryLocations": [], "type": "ON_THE_MOVE", "expectedNbrOfLocations": 2}, {"from": "2017-01-30 09:59:00 +0000", "aggregatedJourneyParts": [], "pathLocations": [{"fixTime": 33, "receivedDate": "2017-01-30 10:05:09 +0000", "timestamp": "2017-01-30 09:59:00 +0000", "signal": 19.08, "address": "[ Undecoded ]", "sigfoxId": 1135, "state": "STOP", "seqNbr": 26, "lat": 55.76974, "lng": 12.50173, "accuracy": 10}, {"fixTime": 33, "receivedDate": "2017-01-30 11:58:43 +0000", "timestamp": "2017-01-30 11:10:00 +0000", "signal": 16.41, "address": "[ Undecoded ]", "sigfoxId": 1135, "state": "START", "seqNbr": 27, "lat": 55.76974, "lng": 12.50173, "accuracy": 10}], "till": "2017-01-30 11:10:00 +0000", "type": "STOPPED", "expectedNbrOfLocations": 2}, {"from": "2017-01-30 11:10:00 +0000", "distanceEstimation": 1647, "pathLocations": [{"fixTime": 33, "receivedDate": "2017-01-30 11:58:43 +0000", "timestamp": "2017-01-30 11:10:00 +0000", "signal": 16.41, "address": "[ Undecoded ]", "sigfoxId": 1135, "state": "START", "seqNbr": 27, "lat": 55.76974, "lng": 12.50173, "accuracy": 10}, {"fixTime": 29, "receivedDate": "2017-01-30 11:29:17 +0000", "timestamp": "2017-01-30 11:23:00 +0000", "signal": 16.57, "address": "[ Undecoded ]", "sigfoxId": 1135, "state": "STOP", "seqNbr": 28, "lat": 55.78303, "lng": 12.49008, "accuracy": 20}], "till": "2017-01-30 11:23:00 +0000", "intermediaryLocations": [], "type": "ON_THE_MOVE", "expectedNbrOfLocations": 2}, {"from": "2017-01-30 11:23:00 +0000", "aggregatedJourneyParts": [], "pathLocations": [{"fixTime": 29, "receivedDate": "2017-01-30 11:29:17 +0000", "timestamp": "2017-01-30 11:23:00 +0000", "signal": 16.57, "address": "[ Undecoded ]", "sigfoxId": 1135, "state": "STOP", "seqNbr": 28, "lat": 55.78303, "lng": 12.49008, "accuracy": 20}, {"fixTime": 29, "receivedDate": "2017-01-30 11:37:27 +0000", "timestamp": "2017-01-30 11:37:00 +0000", "signal": 13.9, "address": "[ Undecoded ]", "sigfoxId": 1135, "state": "START", "seqNbr": 29, "lat": 55.78303, "lng": 12.49008, "accuracy": 20}], "till": "2017-01-30 11:37:00 +0000", "type": "STOPPED", "expectedNbrOfLocations": 2}, {"from": "2017-01-30 11:37:00 +0000", "distanceEstimation": 1690, "pathLocations": [{"fixTime": 29, "receivedDate": "2017-01-30 11:37:27 +0000", "timestamp": "2017-01-30 11:37:00 +0000", "signal": 13.9, "address": "[ Undecoded ]", "sigfoxId": 1135, "state": "START", "seqNbr": 29, "lat": 55.78303, "lng": 12.49008, "accuracy": 20}, {"fixTime": 33, "receivedDate": "2017-01-30 11:50:37 +0000", "timestamp": "2017-01-30 11:44:00 +0000", "signal": 14.23, "address": "[ Undecoded ]", "sigfoxId": 1135, "state": "STOP", "seqNbr": 30, "lat": 55.76939, "lng": 12.50203, "accuracy": 20}], "till": "2017-01-30 11:44:00 +0000", "intermediaryLocations": [], "type": "ON_THE_MOVE", "expectedNbrOfLocations": 2}, {"from": "2017-01-30 11:44:00 +0000", "aggregatedJourneyParts": [], "pathLocations": [{"fixTime": 33, "receivedDate": "2017-01-30 11:50:37 +0000", "timestamp": "2017-01-30 11:44:00 +0000", "signal": 14.23, "address": "[ Undecoded ]", "sigfoxId": 1135, "state": "STOP", "seqNbr": 30, "lat": 55.76939, "lng": 12.50203, "accuracy": 20}, {"fixTime": 33, "receivedDate": "2017-01-30 12:34:46 +0000", "timestamp": "2017-01-30 12:34:00 +0000", "signal": 10.72, "address": "[ Undecoded ]", "sigfoxId": 1135, "state": "START", "seqNbr": 31, "lat": 55.76939, "lng": 12.50203, "accuracy": 20}], "till": "2017-01-30 12:34:00 +0000", "type": "STOPPED", "expectedNbrOfLocations": 2}, {"from": "2017-01-30 12:34:00 +0000", "distanceEstimation": 669, "pathLocations": [{"fixTime": 33, "receivedDate": "2017-01-30 12:34:46 +0000", "timestamp": "2017-01-30 12:34:00 +0000", "signal": 10.72, "address": "[ Undecoded ]", "sigfoxId": 1135, "state": "START", "seqNbr": 31, "lat": 55.76939, "lng": 12.50203, "accuracy": 20}, {"fixTime": 31, "receivedDate": "2017-01-30 12:45:59 +0000", "timestamp": "2017-01-30 12:40:00 +0000", "signal": 18.84, "address": "[ Undecoded ]", "sigfoxId": 1135, "state": "STOP", "seqNbr": 32, "lat": 55.76489, "lng": 12.49491, "accuracy": 10}], "till": "2017-01-30 12:40:00 +0000", "intermediaryLocations": [], "type": "ON_THE_MOVE", "expectedNbrOfLocations": 2}, {"from": "2017-01-30 12:40:00 +0000", "aggregatedJourneyParts": [], "pathLocations": [{"fixTime": 31, "receivedDate": "2017-01-30 12:45:59 +0000", "timestamp": "2017-01-30 12:40:00 +0000", "signal": 18.84, "address": "[ Undecoded ]", "sigfoxId": 1135, "state": "STOP", "seqNbr": 32, "lat": 55.76489, "lng": 12.49491, "accuracy": 10}, {"fixTime": 31, "receivedDate": "2017-01-30 13:15:19 +0000", "timestamp": "2017-01-30 13:15:00 +0000", "signal": 16.18, "address": "[ Undecoded ]", "sigfoxId": 1135, "state": "START", "seqNbr": 33, "lat": 55.76489, "lng": 12.49491, "accuracy": 10}], "till": "2017-01-30 13:15:00 +0000", "type": "STOPPED", "expectedNbrOfLocations": 2}, {"from": "2017-01-30 13:15:00 +0000", "distanceEstimation": 338, "pathLocations": [{"fixTime": 31, "receivedDate": "2017-01-30 13:15:19 +0000", "timestamp": "2017-01-30 13:15:00 +0000", "signal": 16.18, "address": "[ Undecoded ]", "sigfoxId": 1135, "state": "START", "seqNbr": 33, "lat": 55.76489, "lng": 12.49491, "accuracy": 10}, {"fixTime": 21, "receivedDate": "2017-01-30 13:23:59 +0000", "timestamp": "2017-01-30 13:18:00 +0000", "signal": 18.97, "address": "[ Undecoded ]", "sigfoxId": 1135, "state": "STOP", "seqNbr": 34, "lat": 55.76703, "lng": 12.49106, "accuracy": 15}], "till": "2017-01-30 13:18:00 +0000", "intermediaryLocations": [], "type": "ON_THE_MOVE", "expectedNbrOfLocations": 2}, {"from": "2017-01-30 13:18:00 +0000", "aggregatedJourneyParts": [], "pathLocations": [{"fixTime": 21, "receivedDate": "2017-01-30 13:23:59 +0000", "timestamp": "2017-01-30 13:18:00 +0000", "signal": 18.97, "address": "[ Undecoded ]", "sigfoxId": 1135, "state": "STOP", "seqNbr": 34, "lat": 55.76703, "lng": 12.49106, "accuracy": 15}, {"fixTime": 21, "receivedDate": "2017-01-30 14:29:29 +0000", "timestamp": "2017-01-30 13:29:00 +0000", "signal": 16.83, "address": "[ Undecoded ]", "sigfoxId": 1135, "state": "START", "seqNbr": 35, "lat": 55.76703, "lng": 12.49106, "accuracy": 15}], "till": "2017-01-30 13:29:00 +0000", "type": "STOPPED", "expectedNbrOfLocations": 2}, {"from": "2017-01-30 13:29:00 +0000", "distanceEstimation": 3019, "pathLocations": [{"fixTime": 21, "receivedDate": "2017-01-30 14:29:29 +0000", "timestamp": "2017-01-30 13:29:00 +0000", "signal": 16.83, "address": "[ Undecoded ]", "sigfoxId": 1135, "state": "START", "seqNbr": 35, "lat": 55.76703, "lng": 12.49106, "accuracy": 15}, {"fixTime": 13, "receivedDate": "2017-01-30 13:46:26 +0000", "timestamp": "2017-01-30 13:41:00 +0000", "signal": 18.55, "address": "[ Undecoded ]", "sigfoxId": 1135, "state": "STOP", "seqNbr": 36, "lat": 55.79285, "lng": 12.506, "accuracy": 15}], "till": "2017-01-30 13:41:00 +0000", "intermediaryLocations": [], "type": "ON_THE_MOVE", "expectedNbrOfLocations": 2}, {"from": "2017-01-30 13:41:00 +0000", "aggregatedJourneyParts": [], "pathLocations": [{"fixTime": 13, "receivedDate": "2017-01-30 13:46:26 +0000", "timestamp": "2017-01-30 13:41:00 +0000", "signal": 18.55, "address": "[ Undecoded ]", "sigfoxId": 1135, "state": "STOP", "seqNbr": 36, "lat": 55.79285, "lng": 12.506, "accuracy": 15}, {"fixTime": 13, "receivedDate": "2017-01-30 13:52:57 +0000", "timestamp": "2017-01-30 13:52:00 +0000", "signal": 19.95, "address": "[ Undecoded ]", "sigfoxId": 1135, "state": "START", "seqNbr": 37, "lat": 55.79285, "lng": 12.506, "accuracy": 15}], "till": "2017-01-30 13:52:00 +0000", "type": "STOPPED", "expectedNbrOfLocations": 2}, {"from": "2017-01-30 13:52:00 +0000", "distanceEstimation": 2314, "pathLocations": [{"fixTime": 13, "receivedDate": "2017-01-30 13:52:57 +0000", "timestamp": "2017-01-30 13:52:00 +0000", "signal": 19.95, "address": "[ Undecoded ]", "sigfoxId": 1135, "state": "START", "seqNbr": 37, "lat": 55.79285, "lng": 12.506, "accuracy": 15}, {"fixTime": 17, "receivedDate": "2017-01-30 14:05:05 +0000", "timestamp": "2017-01-30 13:59:00 +0000", "signal": 18.57, "address": "[ Undecoded ]", "sigfoxId": 1135, "state": "STOP", "seqNbr": 38, "lat": 55.77206, "lng": 12.50431, "accuracy": 15}], "till": "2017-01-30 13:59:00 +0000", "intermediaryLocations": [], "type": "ON_THE_MOVE", "expectedNbrOfLocations": 2}, {"from": "2017-01-30 13:59:00 +0000", "aggregatedJourneyParts": [], "pathLocations": [{"fixTime": 17, "receivedDate": "2017-01-30 14:05:05 +0000", "timestamp": "2017-01-30 13:59:00 +0000", "signal": 18.57, "address": "[ Undecoded ]", "sigfoxId": 1135, "state": "STOP", "seqNbr": 38, "lat": 55.77206, "lng": 12.50431, "accuracy": 15}, {"fixTime": 17, "receivedDate": "2017-01-30 15:29:36 +0000", "timestamp": "2017-01-30 14:31:00 +0000", "signal": 16.6, "address": "[ Undecoded ]", "sigfoxId": 1135, "state": "START", "seqNbr": 39, "lat": 55.77206, "lng": 12.50431, "accuracy": 15}], "till": "2017-01-30 14:31:00 +0000", "type": "STOPPED", "expectedNbrOfLocations": 2}, {"from": "2017-01-30 14:31:00 +0000", "distanceEstimation": 307, "pathLocations": [{"fixTime": 17, "receivedDate": "2017-01-30 15:29:36 +0000", "timestamp": "2017-01-30 14:31:00 +0000", "signal": 16.6, "address": "[ Undecoded ]", "sigfoxId": 1135, "state": "START", "seqNbr": 39, "lat": 55.77206, "lng": 12.50431, "accuracy": 15}, {"fixTime": 29, "receivedDate": "2017-01-30 14:44:25 +0000", "timestamp": "2017-01-30 14:38:00 +0000", "signal": 18.97, "address": "[ Undecoded ]", "sigfoxId": 1135, "state": "STOP", "seqNbr": 40, "lat": 55.76974, "lng": 12.50163, "accuracy": 20}], "till": "2017-01-30 14:38:00 +0000", "intermediaryLocations": [], "type": "ON_THE_MOVE", "expectedNbrOfLocations": 2}, {"from": "2017-01-30 14:38:00 +0000", "aggregatedJourneyParts": [], "pathLocations": [{"fixTime": 29, "receivedDate": "2017-01-30 14:44:25 +0000", "timestamp": "2017-01-30 14:38:00 +0000", "signal": 18.97, "address": "[ Undecoded ]", "sigfoxId": 1135, "state": "STOP", "seqNbr": 40, "lat": 55.76974, "lng": 12.50163, "accuracy": 20}, {"fixTime": 29, "receivedDate": "2017-02-03 08:33:39 +0000", "timestamp": "2017-02-03 08:33:00 +0000", "signal": 10.83, "address": "[ Undecoded ]", "sigfoxId": 1135, "state": "START", "seqNbr": 41, "lat": 55.76974, "lng": 12.50163, "accuracy": 20}], "till": "2017-02-03 08:33:00 +0000", "type": "STOPPED", "expectedNbrOfLocations": 2}, {"from": "2017-02-03 08:33:00 +0000", "distanceEstimation": 1662, "pathLocations": [{"fixTime": 29, "receivedDate": "2017-02-03 08:33:39 +0000", "timestamp": "2017-02-03 08:33:00 +0000", "signal": 10.83, "address": "[ Undecoded ]", "sigfoxId": 1135, "state": "START", "seqNbr": 41, "lat": 55.76974, "lng": 12.50163, "accuracy": 20}, {"fixTime": 38, "receivedDate": "2017-02-03 09:29:20 +0000", "timestamp": "2017-02-03 08:37:00 +0000", "signal": 17.73, "address": "[ Undecoded ]", "sigfoxId": 1135, "state": "STOP", "seqNbr": 42, "lat": 55.7832, "lng": 12.49003, "accuracy": 15}], "till": "2017-02-03 08:37:00 +0000", "intermediaryLocations": [], "type": "ON_THE_MOVE", "expectedNbrOfLocations": 2}, {"from": "2017-02-03 08:37:00 +0000", "aggregatedJourneyParts": [], "pathLocations": [{"fixTime": 38, "receivedDate": "2017-02-03 09:29:20 +0000", "timestamp": "2017-02-03 08:37:00 +0000", "signal": 17.73, "address": "[ Undecoded ]", "sigfoxId": 1135, "state": "STOP", "seqNbr": 42, "lat": 55.7832, "lng": 12.49003, "accuracy": 15}, {"fixTime": 38, "receivedDate": "2017-02-03 09:44:19 +0000", "timestamp": "2017-02-03 08:43:00 +0000", "signal": 16.56, "address": "[ Undecoded ]", "sigfoxId": 1135, "state": "START", "seqNbr": 43, "lat": 55.7832, "lng": 12.49003, "accuracy": 15}], "till": "2017-02-03 08:43:00 +0000", "type": "STOPPED", "expectedNbrOfLocations": 2}, {"from": "2017-02-03 08:43:00 +0000", "distanceEstimation": 2476, "pathLocations": [{"fixTime": 38, "receivedDate": "2017-02-03 09:44:19 +0000", "timestamp": "2017-02-03 08:43:00 +0000", "signal": 16.56, "address": "[ Undecoded ]", "sigfoxId": 1135, "state": "START", "seqNbr": 43, "lat": 55.7832, "lng": 12.49003, "accuracy": 15}, {"fixTime": 10, "receivedDate": "2017-02-03 09:04:13 +0000", "timestamp": "2017-02-03 09:03:00 +0000", "signal": 13.38, "address": "[ Undecoded ]", "sigfoxId": 1135, "state": "ON_THE_MOVE", "seqNbr": 44, "lat": 55.78155, "lng": 12.50764, "accuracy": 10}, {"fixTime": 18, "receivedDate": "2017-02-03 09:22:15 +0000", "timestamp": "2017-02-03 09:16:00 +0000", "signal": 6.21, "address": "[ Undecoded ]", "sigfoxId": 1135, "state": "STOP", "seqNbr": 45, "lat": 55.76975, "lng": 12.50192, "accuracy": 20}], "till": "2017-02-03 09:16:00 +0000", "intermediaryLocations": [], "type": "ON_THE_MOVE", "expectedNbrOfLocations": 3}, {"from": "2017-02-03 09:16:00 +0000", "aggregatedJourneyParts": [], "pathLocations": [{"fixTime": 18, "receivedDate": "2017-02-03 09:22:15 +0000", "timestamp": "2017-02-03 09:16:00 +0000", "signal": 6.21, "address": "[ Undecoded ]", "sigfoxId": 1135, "state": "STOP", "seqNbr": 45, "lat": 55.76975, "lng": 12.50192, "accuracy": 20}, {"fixTime": 18, "receivedDate": "2017-02-03 09:33:53 +0000", "timestamp": "2017-02-03 09:33:00 +0000", "signal": 14.49, "address": "[ Undecoded ]", "sigfoxId": 1135, "state": "START", "seqNbr": 46, "lat": 55.76975, "lng": 12.50192, "accuracy": 20}], "till": "2017-02-03 09:33:00 +0000", "type": "STOPPED", "expectedNbrOfLocations": 2}, {"from": "2017-02-03 09:33:00 +0000", "distanceEstimation": 23, "pathLocations": [{"fixTime": 18, "receivedDate": "2017-02-03 09:33:53 +0000", "timestamp": "2017-02-03 09:33:00 +0000", "signal": 14.49, "address": "[ Undecoded ]", "sigfoxId": 1135, "state": "START", "seqNbr": 46, "lat": 55.76975, "lng": 12.50192, "accuracy": 20}, {"fixTime": 26, "receivedDate": "2017-02-03 09:40:31 +0000", "timestamp": "2017-02-03 09:34:00 +0000", "signal": 56.39, "address": "[ Undecoded ]", "sigfoxId": 1135, "state": "STOP", "seqNbr": 47, "lat": 55.76955, "lng": 12.50177, "accuracy": 15}], "till": "2017-02-03 09:34:00 +0000", "intermediaryLocations": [], "type": "ON_THE_MOVE", "expectedNbrOfLocations": 2}, {"from": "2017-02-03 09:34:00 +0000", "aggregatedJourneyParts": [], "pathLocations": [{"fixTime": 26, "receivedDate": "2017-02-03 09:40:31 +0000", "timestamp": "2017-02-03 09:34:00 +0000", "signal": 56.39, "address": "[ Undecoded ]", "sigfoxId": 1135, "state": "STOP", "seqNbr": 47, "lat": 55.76955, "lng": 12.50177, "accuracy": 15}, {"fixTime": 26, "receivedDate": "2017-02-06 11:21:51 +0000", "timestamp": "2017-02-06 11:21:00 +0000", "signal": 25.0, "address": "[ Undecoded ]", "sigfoxId": 1135, "state": "START", "seqNbr": 48, "lat": 55.76955, "lng": 12.50177, "accuracy": 15}], "till": "2017-02-06 11:21:00 +0000", "type": "STOPPED", "expectedNbrOfLocations": 2}, {"from": "2017-02-06 11:21:00 +0000", "distanceEstimation": 4089, "pathLocations": [{"fixTime": 26, "receivedDate": "2017-02-06 11:21:51 +0000", "timestamp": "2017-02-06 11:21:00 +0000", "signal": 25.0, "address": "[ Undecoded ]", "sigfoxId": 1135, "state": "START", "seqNbr": 48, "lat": 55.76955, "lng": 12.50177, "accuracy": 15}, {"fixTime": 140, "receivedDate": "2017-02-06 11:44:21 +0000", "timestamp": "2017-02-06 11:41:00 +0000", "signal": 9.53, "address": "[ Undecoded ]", "sigfoxId": 1135, "state": "ON_THE_MOVE", "seqNbr": 49, "lat": 55.73622, "lng": 12.47508, "accuracy": 10}, {"fixTime": 16, "receivedDate": "2017-02-06 11:47:54 +0000", "timestamp": "2017-02-06 11:42:00 +0000", "signal": 15.63, "address": "[ Undecoded ]", "sigfoxId": 1135, "state": "STOP", "seqNbr": 50, "lat": 55.73618, "lng": 12.47469, "accuracy": 15}], "till": "2017-02-06 11:42:00 +0000", "intermediaryLocations": [], "type": "ON_THE_MOVE", "expectedNbrOfLocations": 3}, {"from": "2017-02-06 11:42:00 +0000", "aggregatedJourneyParts": [], "pathLocations": [{"fixTime": 16, "receivedDate": "2017-02-06 11:47:54 +0000", "timestamp": "2017-02-06 11:42:00 +0000", "signal": 15.63, "address": "[ Undecoded ]", "sigfoxId": 1135, "state": "STOP", "seqNbr": 50, "lat": 55.73618, "lng": 12.47469, "accuracy": 15}, {"fixTime": 16, "receivedDate": "2017-02-06 12:17:43 +0000", "timestamp": "2017-02-06 12:17:00 +0000", "signal": 11.16, "address": "[ Undecoded ]", "sigfoxId": 1135, "state": "START", "seqNbr": 51, "lat": 55.73618, "lng": 12.47469, "accuracy": 15}], "till": "2017-02-06 12:17:00 +0000", "type": "STOPPED", "expectedNbrOfLocations": 2}, {"from": "2017-02-06 12:17:00 +0000", "distanceEstimation": 4881, "pathLocations": [{"fixTime": 16, "receivedDate": "2017-02-06 12:17:43 +0000", "timestamp": "2017-02-06 12:17:00 +0000", "signal": 11.16, "address": "[ Undecoded ]", "sigfoxId": 1135, "state": "START", "seqNbr": 51, "lat": 55.73618, "lng": 12.47469, "accuracy": 15}, {"fixTime": 12, "receivedDate": "2017-02-06 12:41:24 +0000", "timestamp": "2017-02-06 12:36:00 +0000", "signal": 19.48, "address": "[ Undecoded ]", "sigfoxId": 1135, "state": "STOP", "seqNbr": 53, "lat": 55.77992, "lng": 12.48145, "accuracy": 15}], "till": "2017-02-06 12:36:00 +0000", "intermediaryLocations": [], "type": "ON_THE_MOVE", "expectedNbrOfLocations": 3}, {"from": "2017-02-06 12:36:00 +0000", "aggregatedJourneyParts": [], "pathLocations": [{"fixTime": 12, "receivedDate": "2017-02-06 12:41:24 +0000", "timestamp": "2017-02-06 12:36:00 +0000", "signal": 19.48, "address": "[ Undecoded ]", "sigfoxId": 1135, "state": "STOP", "seqNbr": 53, "lat": 55.77992, "lng": 12.48145, "accuracy": 15}, {"fixTime": 12, "receivedDate": "2017-02-06 16:27:15 +0000", "timestamp": "2017-02-06 16:27:00 +0000", "signal": 15.0, "address": "[ Undecoded ]", "sigfoxId": 1135, "state": "START", "seqNbr": 54, "lat": 55.77992, "lng": 12.48145, "accuracy": 15}], "till": "2017-02-06 16:27:00 +0000", "type": "STOPPED", "expectedNbrOfLocations": 2}, {"from": "2017-02-06 16:27:00 +0000", "distanceEstimation": 1710, "pathLocations": [{"fixTime": 12, "receivedDate": "2017-02-06 16:27:15 +0000", "timestamp": "2017-02-06 16:27:00 +0000", "signal": 15.0, "address": "[ Undecoded ]", "sigfoxId": 1135, "state": "START", "seqNbr": 54, "lat": 55.77992, "lng": 12.48145, "accuracy": 15}, {"fixTime": 38, "receivedDate": "2017-02-06 16:42:51 +0000", "timestamp": "2017-02-06 16:37:00 +0000", "signal": 19.25, "address": "[ Undecoded ]", "sigfoxId": 1135, "state": "STOP", "seqNbr": 55, "lat": 55.76969, "lng": 12.50188, "accuracy": 10}], "till": "2017-02-06 16:37:00 +0000", "intermediaryLocations": [], "type": "ON_THE_MOVE", "expectedNbrOfLocations": 2}, {"from": "2017-02-06 16:37:00 +0000", "aggregatedJourneyParts": [], "pathLocations": [{"fixTime": 38, "receivedDate": "2017-02-06 16:42:51 +0000", "timestamp": "2017-02-06 16:37:00 +0000", "signal": 19.25, "address": "[ Undecoded ]", "sigfoxId": 1135, "state": "STOP", "seqNbr": 55, "lat": 55.76969, "lng": 12.50188, "accuracy": 10}], "till": "2017-02-06 16:37:00 +0000", "type": "STOPPED", "expectedNbrOfLocations": 1}]}