{"journeyParts": [{"from": "2016-11-28 09:37:05 +0000", "type": "UNRECORDED", "pathLocations": [{"receivedDate": "2016-11-28 09:42:05 +0000", "timestamp": "2016-11-28 09:37:05 +0000", "signal": 13.2, "seqNbr": 0, "state": "STOP", "sigfoxId": 1158, "lat": 0.0, "lng": 0.0}, {"receivedDate": "2016-11-28 13:22:46 +0000", "timestamp": "2016-11-28 13:17:46 +0000", "signal": 11.62, "seqNbr": 10, "state": "STOP", "sigfoxId": 1158, "lat": 0.0, "lng": 0.0}], "till": "2016-11-28 13:17:46 +0000"}, {"from": "2016-11-28 13:17:46 +0000", "aggregatedJourneyParts": [], "pathLocations": [{"receivedDate": "2016-11-28 13:22:46 +0000", "timestamp": "2016-11-28 13:17:46 +0000", "signal": 11.62, "seqNbr": 10, "state": "STOP", "sigfoxId": 1158, "lat": 0.0, "lng": 0.0}, {"timestamp": "2016-11-29 08:41:11 +0000", "seqNbr": 11, "state": "START", "sigfoxId": 1158, "lat": 0.0, "lng": 0.0}], "till": "2016-11-29 08:41:11 +0000", "type": "STOPPED", "expectedNbrOfLocations": 2}, {"from": "2016-11-29 08:41:11 +0000", "distanceEstimation": 0, "pathLocations": [{"timestamp": "2016-11-29 08:41:11 +0000", "seqNbr": 11, "state": "START", "sigfoxId": 1158, "lat": 0.0, "lng": 0.0}, {"receivedDate": "2016-11-29 09:01:11 +0000", "timestamp": "2016-11-29 09:01:11 +0000", "signal": 14.86, "seqNbr": 12, "state": "ON_THE_MOVE", "sigfoxId": 1158, "lat": 0.0, "lng": 0.0}, {"receivedDate": "2016-11-29 09:17:46 +0000", "timestamp": "2016-11-29 09:09:00 +0000", "signal": 13.91, "seqNbr": 13, "state": "STOP", "sigfoxId": 1158, "lat": 0.0, "lng": 0.0}], "till": "2016-11-29 09:09:00 +0000", "intermediaryLocations": [], "type": "ON_THE_MOVE", "expectedNbrOfLocations": 3}, {"from": "2016-11-29 09:09:00 +0000", "aggregatedJourneyParts": [], "pathLocations": [{"receivedDate": "2016-11-29 09:17:46 +0000", "timestamp": "2016-11-29 09:09:00 +0000", "signal": 13.91, "seqNbr": 13, "state": "STOP", "sigfoxId": 1158, "lat": 0.0, "lng": 0.0}, {"receivedDate": "2016-11-29 09:36:42 +0000", "timestamp": "2016-11-29 09:36:00 +0000", "signal": 49.79, "seqNbr": 14, "state": "START", "sigfoxId": 1158, "lat": 0.0, "lng": 0.0}], "till": "2016-11-29 09:36:00 +0000", "type": "STOPPED", "expectedNbrOfLocations": 2}, {"from": "2016-11-29 09:36:00 +0000", "distanceEstimation": 0, "pathLocations": [{"receivedDate": "2016-11-29 09:36:42 +0000", "timestamp": "2016-11-29 09:36:00 +0000", "signal": 49.79, "seqNbr": 14, "state": "START", "sigfoxId": 1158, "lat": 0.0, "lng": 0.0}, {"receivedDate": "2016-11-29 09:54:06 +0000", "timestamp": "2016-11-29 09:45:00 +0000", "signal": 13.6, "seqNbr": 15, "state": "STOP", "sigfoxId": 1158, "lat": 0.0, "lng": 0.0}], "till": "2016-11-29 09:45:00 +0000", "intermediaryLocations": [], "type": "ON_THE_MOVE", "expectedNbrOfLocations": 2}, {"from": "2016-11-29 09:45:00 +0000", "aggregatedJourneyParts": [], "pathLocations": [{"receivedDate": "2016-11-29 09:54:06 +0000", "timestamp": "2016-11-29 09:45:00 +0000", "signal": 13.6, "seqNbr": 15, "state": "STOP", "sigfoxId": 1158, "lat": 0.0, "lng": 0.0}, {"receivedDate": "2016-11-29 10:46:31 +0000", "timestamp": "2016-11-29 09:58:00 +0000", "signal": 18.63, "seqNbr": 16, "state": "START", "sigfoxId": 1158, "lat": 0.0, "lng": 0.0}], "till": "2016-11-29 09:58:00 +0000", "type": "STOPPED", "expectedNbrOfLocations": 2}, {"from": "2016-11-29 09:58:00 +0000", "distanceEstimation": 0, "pathLocations": [{"receivedDate": "2016-11-29 10:46:31 +0000", "timestamp": "2016-11-29 09:58:00 +0000", "signal": 18.63, "seqNbr": 16, "state": "START", "sigfoxId": 1158, "lat": 0.0, "lng": 0.0}, {"receivedDate": "2016-11-29 10:07:21 +0000", "timestamp": "2016-11-29 09:58:00 +0000", "signal": 12.05, "seqNbr": 17, "state": "STOP", "sigfoxId": 1158, "lat": 0.0, "lng": 0.0}], "till": "2016-11-29 09:58:00 +0000", "intermediaryLocations": [], "type": "ON_THE_MOVE", "expectedNbrOfLocations": 2}, {"from": "2016-11-29 09:58:00 +0000", "aggregatedJourneyParts": [], "pathLocations": [{"receivedDate": "2016-11-29 10:07:21 +0000", "timestamp": "2016-11-29 09:58:00 +0000", "signal": 12.05, "seqNbr": 17, "state": "STOP", "sigfoxId": 1158, "lat": 0.0, "lng": 0.0}, {"receivedDate": "2016-11-29 11:08:18 +0000", "timestamp": "2016-11-29 11:08:00 +0000", "signal": 16.31, "seqNbr": 18, "state": "START", "sigfoxId": 1158, "lat": 0.0, "lng": 0.0}], "till": "2016-11-29 11:08:00 +0000", "type": "STOPPED", "expectedNbrOfLocations": 2}, {"from": "2016-11-29 11:08:00 +0000", "distanceEstimation": 0, "pathLocations": [{"receivedDate": "2016-11-29 11:08:18 +0000", "timestamp": "2016-11-29 11:08:00 +0000", "signal": 16.31, "seqNbr": 18, "state": "START", "sigfoxId": 1158, "lat": 0.0, "lng": 0.0}, {"receivedDate": "2016-11-29 11:16:41 +0000", "timestamp": "2016-11-29 11:08:00 +0000", "signal": 19.96, "seqNbr": 19, "state": "STOP", "sigfoxId": 1158, "lat": 0.0, "lng": 0.0}], "till": "2016-11-29 11:08:00 +0000", "intermediaryLocations": [], "type": "ON_THE_MOVE", "expectedNbrOfLocations": 2}, {"from": "2016-11-29 11:08:00 +0000", "aggregatedJourneyParts": [], "pathLocations": [{"receivedDate": "2016-11-29 11:16:41 +0000", "timestamp": "2016-11-29 11:08:00 +0000", "signal": 19.96, "seqNbr": 19, "state": "STOP", "sigfoxId": 1158, "lat": 0.0, "lng": 0.0}, {"receivedDate": "2016-11-29 15:11:10 +0000", "timestamp": "2016-11-29 15:11:00 +0000", "signal": 44.06, "seqNbr": 20, "state": "START", "sigfoxId": 1158, "lat": 0.0, "lng": 0.0}], "till": "2016-11-29 15:11:00 +0000", "type": "STOPPED", "expectedNbrOfLocations": 2}, {"from": "2016-11-29 15:11:00 +0000", "distanceEstimation": 0, "pathLocations": [{"receivedDate": "2016-11-29 15:11:10 +0000", "timestamp": "2016-11-29 15:11:00 +0000", "signal": 44.06, "seqNbr": 20, "state": "START", "sigfoxId": 1158, "lat": 0.0, "lng": 0.0}, {"receivedDate": "2016-11-29 15:19:56 +0000", "timestamp": "2016-11-29 15:11:00 +0000", "signal": 19.66, "seqNbr": 21, "state": "STOP", "sigfoxId": 1158, "lat": 0.0, "lng": 0.0}], "till": "2016-11-29 15:11:00 +0000", "intermediaryLocations": [], "type": "ON_THE_MOVE", "expectedNbrOfLocations": 2}, {"from": "2016-11-29 15:11:00 +0000", "aggregatedJourneyParts": [], "pathLocations": [{"receivedDate": "2016-11-29 15:19:56 +0000", "timestamp": "2016-11-29 15:11:00 +0000", "signal": 19.66, "seqNbr": 21, "state": "STOP", "sigfoxId": 1158, "lat": 0.0, "lng": 0.0}, {"receivedDate": "2016-12-01 09:35:46 +0000", "timestamp": "2016-12-01 09:35:00 +0000", "signal": 12.31, "seqNbr": 22, "state": "START", "sigfoxId": 1158, "lat": 0.0, "lng": 0.0}], "till": "2016-12-01 09:35:00 +0000", "type": "STOPPED", "expectedNbrOfLocations": 2}, {"from": "2016-12-01 09:35:00 +0000", "distanceEstimation": 0, "pathLocations": [{"receivedDate": "2016-12-01 09:35:46 +0000", "timestamp": "2016-12-01 09:35:00 +0000", "signal": 12.31, "seqNbr": 22, "state": "START", "sigfoxId": 1158, "lat": 0.0, "lng": 0.0}, {"receivedDate": "2016-12-01 09:45:01 +0000", "timestamp": "2016-12-01 09:36:00 +0000", "signal": 10.52, "seqNbr": 23, "state": "STOP", "sigfoxId": 1158, "lat": 0.0, "lng": 0.0}], "till": "2016-12-01 09:36:00 +0000", "intermediaryLocations": [], "type": "ON_THE_MOVE", "expectedNbrOfLocations": 2}, {"from": "2016-12-01 09:36:00 +0000", "aggregatedJourneyParts": [], "pathLocations": [{"receivedDate": "2016-12-01 09:45:01 +0000", "timestamp": "2016-12-01 09:36:00 +0000", "signal": 10.52, "seqNbr": 23, "state": "STOP", "sigfoxId": 1158, "lat": 0.0, "lng": 0.0}, {"receivedDate": "2016-12-02 12:33:13 +0000", "timestamp": "2016-12-02 12:33:00 +0000", "signal": 14.21, "seqNbr": 24, "state": "START", "sigfoxId": 1158, "lat": 0.0, "lng": 0.0}], "till": "2016-12-02 12:33:00 +0000", "type": "STOPPED", "expectedNbrOfLocations": 2}, {"from": "2016-12-02 12:33:00 +0000", "distanceEstimation": 0, "pathLocations": [{"receivedDate": "2016-12-02 12:33:13 +0000", "timestamp": "2016-12-02 12:33:00 +0000", "signal": 14.21, "seqNbr": 24, "state": "START", "sigfoxId": 1158, "lat": 0.0, "lng": 0.0}, {"receivedDate": "2016-12-02 12:55:18 +0000", "timestamp": "2016-12-02 12:46:00 +0000", "signal": 17.78, "seqNbr": 25, "state": "STOP", "sigfoxId": 1158, "lat": 0.0, "lng": 0.0}], "till": "2016-12-02 12:46:00 +0000", "intermediaryLocations": [], "type": "ON_THE_MOVE", "expectedNbrOfLocations": 2}, {"from": "2016-12-02 12:46:00 +0000", "aggregatedJourneyParts": [], "pathLocations": [{"receivedDate": "2016-12-02 12:55:18 +0000", "timestamp": "2016-12-02 12:46:00 +0000", "signal": 17.78, "seqNbr": 25, "state": "STOP", "sigfoxId": 1158, "lat": 0.0, "lng": 0.0}, {"receivedDate": "2016-12-02 13:02:39 +0000", "timestamp": "2016-12-02 13:02:00 +0000", "signal": 14.96, "seqNbr": 26, "state": "START", "sigfoxId": 1158, "lat": 0.0, "lng": 0.0}], "till": "2016-12-02 13:02:00 +0000", "type": "STOPPED", "expectedNbrOfLocations": 2}, {"from": "2016-12-02 13:02:00 +0000", "distanceEstimation": 0, "pathLocations": [{"receivedDate": "2016-12-02 13:02:39 +0000", "timestamp": "2016-12-02 13:02:00 +0000", "signal": 14.96, "seqNbr": 26, "state": "START", "sigfoxId": 1158, "lat": 0.0, "lng": 0.0}, {"receivedDate": "2016-12-02 13:11:43 +0000", "timestamp": "2016-12-02 13:03:00 +0000", "signal": 12.2, "seqNbr": 27, "state": "STOP", "sigfoxId": 1158, "lat": 0.0, "lng": 0.0}], "till": "2016-12-02 13:03:00 +0000", "intermediaryLocations": [], "type": "ON_THE_MOVE", "expectedNbrOfLocations": 2}, {"from": "2016-12-02 13:03:00 +0000", "aggregatedJourneyParts": [], "pathLocations": [{"receivedDate": "2016-12-02 13:11:43 +0000", "timestamp": "2016-12-02 13:03:00 +0000", "signal": 12.2, "seqNbr": 27, "state": "STOP", "sigfoxId": 1158, "lat": 0.0, "lng": 0.0}, {"receivedDate": "2016-12-06 07:22:38 +0000", "timestamp": "2016-12-06 07:22:00 +0000", "signal": 18.31, "seqNbr": 28, "state": "START", "sigfoxId": 1158, "lat": 0.0, "lng": 0.0}], "till": "2016-12-06 07:22:00 +0000", "type": "STOPPED", "expectedNbrOfLocations": 2}, {"from": "2016-12-06 07:22:00 +0000", "distanceEstimation": 0, "pathLocations": [{"receivedDate": "2016-12-06 07:22:38 +0000", "timestamp": "2016-12-06 07:22:00 +0000", "signal": 18.31, "seqNbr": 28, "state": "START", "sigfoxId": 1158, "lat": 0.0, "lng": 0.0}, {"receivedDate": "2016-12-06 07:31:01 +0000", "timestamp": "2016-12-06 07:22:00 +0000", "signal": 18.71, "seqNbr": 29, "state": "STOP", "sigfoxId": 1158, "lat": 0.0, "lng": 0.0}], "till": "2016-12-06 07:22:00 +0000", "intermediaryLocations": [], "type": "ON_THE_MOVE", "expectedNbrOfLocations": 2}, {"from": "2016-12-06 07:22:00 +0000", "aggregatedJourneyParts": [], "pathLocations": [{"receivedDate": "2016-12-06 07:31:01 +0000", "timestamp": "2016-12-06 07:22:00 +0000", "signal": 18.71, "seqNbr": 29, "state": "STOP", "sigfoxId": 1158, "lat": 0.0, "lng": 0.0}, {"receivedDate": "2016-12-13 12:45:20 +0000", "timestamp": "2016-12-13 12:45:00 +0000", "signal": 10.5, "seqNbr": 30, "state": "START", "sigfoxId": 1158, "lat": 0.0, "lng": 0.0}], "till": "2016-12-13 12:45:00 +0000", "type": "STOPPED", "expectedNbrOfLocations": 2}, {"from": "2016-12-13 12:45:00 +0000", "distanceEstimation": 0, "pathLocations": [{"receivedDate": "2016-12-13 12:45:20 +0000", "timestamp": "2016-12-13 12:45:00 +0000", "signal": 10.5, "seqNbr": 30, "state": "START", "sigfoxId": 1158, "lat": 0.0, "lng": 0.0}, {"receivedDate": "2016-12-13 12:57:50 +0000", "timestamp": "2016-12-13 12:49:00 +0000", "signal": 15.81, "seqNbr": 31, "state": "STOP", "sigfoxId": 1158, "lat": 0.0, "lng": 0.0}], "till": "2016-12-13 12:49:00 +0000", "intermediaryLocations": [], "type": "ON_THE_MOVE", "expectedNbrOfLocations": 2}, {"from": "2016-12-13 12:49:00 +0000", "aggregatedJourneyParts": [], "pathLocations": [{"receivedDate": "2016-12-13 12:57:50 +0000", "timestamp": "2016-12-13 12:49:00 +0000", "signal": 15.81, "seqNbr": 31, "state": "STOP", "sigfoxId": 1158, "lat": 0.0, "lng": 0.0}, {"receivedDate": "2016-12-13 13:14:26 +0000", "timestamp": "2016-12-13 13:14:00 +0000", "signal": 11.85, "seqNbr": 32, "state": "START", "sigfoxId": 1158, "lat": 0.0, "lng": 0.0}], "till": "2016-12-13 13:14:00 +0000", "type": "STOPPED", "expectedNbrOfLocations": 2}, {"from": "2016-12-13 13:14:00 +0000", "distanceEstimation": 0, "pathLocations": [{"receivedDate": "2016-12-13 13:14:26 +0000", "timestamp": "2016-12-13 13:14:00 +0000", "signal": 11.85, "seqNbr": 32, "state": "START", "sigfoxId": 1158, "lat": 0.0, "lng": 0.0}, {"receivedDate": "2016-12-13 13:25:05 +0000", "timestamp": "2016-12-13 13:16:00 +0000", "signal": 18.7, "seqNbr": 33, "state": "STOP", "sigfoxId": 1158, "lat": 0.0, "lng": 0.0}], "till": "2016-12-13 13:16:00 +0000", "intermediaryLocations": [], "type": "ON_THE_MOVE", "expectedNbrOfLocations": 2}, {"from": "2016-12-13 13:16:00 +0000", "aggregatedJourneyParts": [], "pathLocations": [{"receivedDate": "2016-12-13 13:25:05 +0000", "timestamp": "2016-12-13 13:16:00 +0000", "signal": 18.7, "seqNbr": 33, "state": "STOP", "sigfoxId": 1158, "lat": 0.0, "lng": 0.0}, {"receivedDate": "2016-12-15 11:08:38 +0000", "timestamp": "2016-12-15 11:08:00 +0000", "signal": 17.21, "seqNbr": 34, "state": "START", "sigfoxId": 1158, "lat": 0.0, "lng": 0.0}], "till": "2016-12-15 11:08:00 +0000", "type": "STOPPED", "expectedNbrOfLocations": 2}, {"from": "2016-12-15 11:08:00 +0000", "distanceEstimation": 0, "pathLocations": [{"receivedDate": "2016-12-15 11:08:38 +0000", "timestamp": "2016-12-15 11:08:00 +0000", "signal": 17.21, "seqNbr": 34, "state": "START", "sigfoxId": 1158, "lat": 0.0, "lng": 0.0}, {"receivedDate": "2016-12-15 11:17:26 +0000", "timestamp": "2016-12-15 11:08:00 +0000", "signal": 13.59, "seqNbr": 35, "state": "STOP", "sigfoxId": 1158, "lat": 0.0, "lng": 0.0}], "till": "2016-12-15 11:08:00 +0000", "intermediaryLocations": [], "type": "ON_THE_MOVE", "expectedNbrOfLocations": 2}, {"from": "2016-12-15 11:08:00 +0000", "aggregatedJourneyParts": [], "pathLocations": [{"receivedDate": "2016-12-15 11:17:26 +0000", "timestamp": "2016-12-15 11:08:00 +0000", "signal": 13.59, "seqNbr": 35, "state": "STOP", "sigfoxId": 1158, "lat": 0.0, "lng": 0.0}, {"receivedDate": "2016-12-16 11:54:24 +0000", "timestamp": "2016-12-16 11:54:00 +0000", "signal": 15.11, "seqNbr": 36, "state": "START", "sigfoxId": 1158, "lat": 0.0, "lng": 0.0}], "till": "2016-12-16 11:54:00 +0000", "type": "STOPPED", "expectedNbrOfLocations": 2}, {"from": "2016-12-16 11:54:00 +0000", "distanceEstimation": 0, "pathLocations": [{"receivedDate": "2016-12-16 11:54:24 +0000", "timestamp": "2016-12-16 11:54:00 +0000", "signal": 15.11, "seqNbr": 36, "state": "START", "sigfoxId": 1158, "lat": 0.0, "lng": 0.0}, {"receivedDate": "2016-12-16 12:02:51 +0000", "timestamp": "2016-12-16 11:54:00 +0000", "signal": 10.83, "seqNbr": 37, "state": "STOP", "sigfoxId": 1158, "lat": 0.0, "lng": 0.0}], "till": "2016-12-16 11:54:00 +0000", "intermediaryLocations": [], "type": "ON_THE_MOVE", "expectedNbrOfLocations": 2}, {"from": "2016-12-16 11:54:00 +0000", "aggregatedJourneyParts": [], "pathLocations": [{"receivedDate": "2016-12-16 12:02:51 +0000", "timestamp": "2016-12-16 11:54:00 +0000", "signal": 10.83, "seqNbr": 37, "state": "STOP", "sigfoxId": 1158, "lat": 0.0, "lng": 0.0}, {"receivedDate": "2016-12-16 12:02:59 +0000", "timestamp": "2016-12-16 11:59:00 +0000", "signal": 13.16, "seqNbr": 38, "state": "START", "sigfoxId": 1158, "lat": 0.0, "lng": 0.0}], "till": "2016-12-16 11:59:00 +0000", "type": "STOPPED", "expectedNbrOfLocations": 2}, {"from": "2016-12-16 11:59:00 +0000", "distanceEstimation": 0, "pathLocations": [{"receivedDate": "2016-12-16 12:02:59 +0000", "timestamp": "2016-12-16 11:59:00 +0000", "signal": 13.16, "seqNbr": 38, "state": "START", "sigfoxId": 1158, "lat": 0.0, "lng": 0.0}, {"receivedDate": "2016-12-16 12:08:17 +0000", "timestamp": "2016-12-16 11:59:00 +0000", "signal": 14.79, "seqNbr": 39, "state": "STOP", "sigfoxId": 1158, "lat": 0.0, "lng": 0.0}], "till": "2016-12-16 11:59:00 +0000", "intermediaryLocations": [], "type": "ON_THE_MOVE", "expectedNbrOfLocations": 2}, {"from": "2016-12-16 11:59:00 +0000", "aggregatedJourneyParts": [], "pathLocations": [{"receivedDate": "2016-12-16 12:08:17 +0000", "timestamp": "2016-12-16 11:59:00 +0000", "signal": 14.79, "seqNbr": 39, "state": "STOP", "sigfoxId": 1158, "lat": 0.0, "lng": 0.0}, {"receivedDate": "2016-12-19 07:03:52 +0000", "timestamp": "2016-12-19 07:03:00 +0000", "signal": 15.32, "seqNbr": 40, "state": "START", "sigfoxId": 1158, "lat": 0.0, "lng": 0.0}], "till": "2016-12-19 07:03:00 +0000", "type": "STOPPED", "expectedNbrOfLocations": 2}, {"from": "2016-12-19 07:03:00 +0000", "distanceEstimation": 0, "pathLocations": [{"receivedDate": "2016-12-19 07:03:52 +0000", "timestamp": "2016-12-19 07:03:00 +0000", "signal": 15.32, "seqNbr": 40, "state": "START", "sigfoxId": 1158, "lat": 0.0, "lng": 0.0}, {"receivedDate": "2016-12-19 07:12:38 +0000", "timestamp": "2016-12-19 07:04:00 +0000", "signal": 17.63, "seqNbr": 41, "state": "STOP", "sigfoxId": 1158, "lat": 0.0, "lng": 0.0}], "till": "2016-12-19 07:04:00 +0000", "intermediaryLocations": [], "type": "ON_THE_MOVE", "expectedNbrOfLocations": 2}, {"from": "2016-12-19 07:04:00 +0000", "aggregatedJourneyParts": [], "pathLocations": [{"receivedDate": "2016-12-19 07:12:38 +0000", "timestamp": "2016-12-19 07:04:00 +0000", "signal": 17.63, "seqNbr": 41, "state": "STOP", "sigfoxId": 1158, "lat": 0.0, "lng": 0.0}, {"receivedDate": "2016-12-19 08:43:52 +0000", "timestamp": "2016-12-19 08:43:00 +0000", "signal": 17.55, "seqNbr": 42, "state": "START", "sigfoxId": 1158, "lat": 0.0, "lng": 0.0}], "till": "2016-12-19 08:43:00 +0000", "type": "STOPPED", "expectedNbrOfLocations": 2}, {"from": "2016-12-19 08:43:00 +0000", "distanceEstimation": 0, "pathLocations": [{"receivedDate": "2016-12-19 08:43:52 +0000", "timestamp": "2016-12-19 08:43:00 +0000", "signal": 17.55, "seqNbr": 42, "state": "START", "sigfoxId": 1158, "lat": 0.0, "lng": 0.0}, {"receivedDate": "2016-12-19 08:53:18 +0000", "timestamp": "2016-12-19 08:44:00 +0000", "signal": 9.98, "seqNbr": 43, "state": "STOP", "sigfoxId": 1158, "lat": 0.0, "lng": 0.0}], "till": "2016-12-19 08:44:00 +0000", "intermediaryLocations": [], "type": "ON_THE_MOVE", "expectedNbrOfLocations": 2}, {"from": "2016-12-19 08:44:00 +0000", "aggregatedJourneyParts": [], "pathLocations": [{"receivedDate": "2016-12-19 08:53:18 +0000", "timestamp": "2016-12-19 08:44:00 +0000", "signal": 9.98, "seqNbr": 43, "state": "STOP", "sigfoxId": 1158, "lat": 0.0, "lng": 0.0}, {"receivedDate": "2016-12-19 09:30:03 +0000", "timestamp": "2016-12-19 09:29:00 +0000", "signal": 17.94, "seqNbr": 44, "state": "START", "sigfoxId": 1158, "lat": 0.0, "lng": 0.0}], "till": "2016-12-19 09:29:00 +0000", "type": "STOPPED", "expectedNbrOfLocations": 2}, {"from": "2016-12-19 09:29:00 +0000", "distanceEstimation": 0, "pathLocations": [{"receivedDate": "2016-12-19 09:30:03 +0000", "timestamp": "2016-12-19 09:29:00 +0000", "signal": 17.94, "seqNbr": 44, "state": "START", "sigfoxId": 1158, "lat": 0.0, "lng": 0.0}, {"receivedDate": "2016-12-19 09:38:49 +0000", "timestamp": "2016-12-19 09:30:00 +0000", "signal": 18.36, "seqNbr": 45, "state": "STOP", "sigfoxId": 1158, "lat": 0.0, "lng": 0.0}], "till": "2016-12-19 09:30:00 +0000", "intermediaryLocations": [], "type": "ON_THE_MOVE", "expectedNbrOfLocations": 2}, {"from": "2016-12-19 09:30:00 +0000", "aggregatedJourneyParts": [], "pathLocations": [{"receivedDate": "2016-12-19 09:38:49 +0000", "timestamp": "2016-12-19 09:30:00 +0000", "signal": 18.36, "seqNbr": 45, "state": "STOP", "sigfoxId": 1158, "lat": 0.0, "lng": 0.0}, {"receivedDate": "2016-12-19 09:38:55 +0000", "timestamp": "2016-12-19 09:36:00 +0000", "signal": 17.76, "seqNbr": 46, "state": "START", "sigfoxId": 1158, "lat": 0.0, "lng": 0.0}], "till": "2016-12-19 09:36:00 +0000", "type": "STOPPED", "expectedNbrOfLocations": 2}, {"from": "2016-12-19 09:36:00 +0000", "distanceEstimation": 0, "pathLocations": [{"receivedDate": "2016-12-19 09:38:55 +0000", "timestamp": "2016-12-19 09:36:00 +0000", "signal": 17.76, "seqNbr": 46, "state": "START", "sigfoxId": 1158, "lat": 0.0, "lng": 0.0}, {"receivedDate": "2016-12-19 09:45:04 +0000", "timestamp": "2016-12-19 09:36:00 +0000", "signal": 17.94, "seqNbr": 47, "state": "STOP", "sigfoxId": 1158, "lat": 0.0, "lng": 0.0}], "till": "2016-12-19 09:36:00 +0000", "intermediaryLocations": [], "type": "ON_THE_MOVE", "expectedNbrOfLocations": 2}, {"from": "2016-12-19 09:36:00 +0000", "aggregatedJourneyParts": [], "pathLocations": [{"receivedDate": "2016-12-19 09:45:04 +0000", "timestamp": "2016-12-19 09:36:00 +0000", "signal": 17.94, "seqNbr": 47, "state": "STOP", "sigfoxId": 1158, "lat": 0.0, "lng": 0.0}, {"receivedDate": "2016-12-19 09:54:39 +0000", "timestamp": "2016-12-19 09:54:00 +0000", "signal": 14.21, "seqNbr": 48, "state": "START", "sigfoxId": 1158, "lat": 0.0, "lng": 0.0}], "till": "2016-12-19 09:54:00 +0000", "type": "STOPPED", "expectedNbrOfLocations": 2}, {"from": "2016-12-19 09:54:00 +0000", "distanceEstimation": 0, "pathLocations": [{"receivedDate": "2016-12-19 09:54:39 +0000", "timestamp": "2016-12-19 09:54:00 +0000", "signal": 14.21, "seqNbr": 48, "state": "START", "sigfoxId": 1158, "lat": 0.0, "lng": 0.0}, {"receivedDate": "2016-12-19 10:04:19 +0000", "timestamp": "2016-12-19 09:55:00 +0000", "signal": 18.37, "seqNbr": 49, "state": "STOP", "sigfoxId": 1158, "lat": 0.0, "lng": 0.0}], "till": "2016-12-19 09:55:00 +0000", "intermediaryLocations": [], "type": "ON_THE_MOVE", "expectedNbrOfLocations": 2}, {"from": "2016-12-19 09:55:00 +0000", "aggregatedJourneyParts": [], "pathLocations": [{"receivedDate": "2016-12-19 10:04:19 +0000", "timestamp": "2016-12-19 09:55:00 +0000", "signal": 18.37, "seqNbr": 49, "state": "STOP", "sigfoxId": 1158, "lat": 0.0, "lng": 0.0}, {"receivedDate": "2016-12-19 10:04:25 +0000", "timestamp": "2016-12-19 10:01:00 +0000", "signal": 17.07, "seqNbr": 50, "state": "START", "sigfoxId": 1158, "lat": 0.0, "lng": 0.0}], "till": "2016-12-19 10:01:00 +0000", "type": "STOPPED", "expectedNbrOfLocations": 2}, {"from": "2016-12-19 10:01:00 +0000", "distanceEstimation": 0, "pathLocations": [{"receivedDate": "2016-12-19 10:04:25 +0000", "timestamp": "2016-12-19 10:01:00 +0000", "signal": 17.07, "seqNbr": 50, "state": "START", "sigfoxId": 1158, "lat": 0.0, "lng": 0.0}, {"receivedDate": "2016-12-19 10:10:35 +0000", "timestamp": "2016-12-19 10:01:00 +0000", "signal": 17.73, "seqNbr": 51, "state": "STOP", "sigfoxId": 1158, "lat": 0.0, "lng": 0.0}], "till": "2016-12-19 10:01:00 +0000", "intermediaryLocations": [], "type": "ON_THE_MOVE", "expectedNbrOfLocations": 2}, {"from": "2016-12-19 10:01:00 +0000", "aggregatedJourneyParts": [], "pathLocations": [{"receivedDate": "2016-12-19 10:10:35 +0000", "timestamp": "2016-12-19 10:01:00 +0000", "signal": 17.73, "seqNbr": 51, "state": "STOP", "sigfoxId": 1158, "lat": 0.0, "lng": 0.0}, {"receivedDate": "2016-12-19 10:17:45 +0000", "timestamp": "2016-12-19 10:17:00 +0000", "signal": 11.5, "seqNbr": 52, "state": "START", "sigfoxId": 1158, "lat": 0.0, "lng": 0.0}], "till": "2016-12-19 10:17:00 +0000", "type": "STOPPED", "expectedNbrOfLocations": 2}, {"from": "2016-12-19 10:17:00 +0000", "distanceEstimation": 6303192, "pathLocations": [{"receivedDate": "2016-12-19 10:17:45 +0000", "timestamp": "2016-12-19 10:17:00 +0000", "signal": 11.5, "seqNbr": 52, "state": "START", "sigfoxId": 1158, "lat": 0.0, "lng": 0.0}, {"fixTime": 30, "receivedDate": "2016-12-19 10:32:09 +0000", "timestamp": "2016-12-19 10:26:00 +0000", "signal": 15.09, "address": "[ Undecoded ]", "sigfoxId": 1158, "state": "STOP", "seqNbr": 53, "lat": 55.76933, "lng": 12.50202, "accuracy": 15}], "till": "2016-12-19 10:26:00 +0000", "intermediaryLocations": [], "type": "ON_THE_MOVE", "expectedNbrOfLocations": 2}, {"from": "2016-12-19 10:26:00 +0000", "aggregatedJourneyParts": [], "pathLocations": [{"fixTime": 30, "receivedDate": "2016-12-19 10:32:09 +0000", "timestamp": "2016-12-19 10:26:00 +0000", "signal": 15.09, "address": "[ Undecoded ]", "sigfoxId": 1158, "state": "STOP", "seqNbr": 53, "lat": 55.76933, "lng": 12.50202, "accuracy": 15}, {"fixTime": 30, "receivedDate": "2017-01-10 08:08:23 +0000", "timestamp": "2017-01-10 08:07:00 +0000", "signal": 16.49, "address": "[ Undecoded ]", "sigfoxId": 1158, "state": "START", "seqNbr": 54, "lat": 55.76933, "lng": 12.50202, "accuracy": 15}], "till": "2017-01-10 08:07:00 +0000", "type": "STOPPED", "expectedNbrOfLocations": 2}, {"from": "2017-01-10 08:07:00 +0000", "distanceEstimation": 2287, "pathLocations": [{"fixTime": 30, "receivedDate": "2017-01-10 08:08:23 +0000", "timestamp": "2017-01-10 08:07:00 +0000", "signal": 16.49, "address": "[ Undecoded ]", "sigfoxId": 1158, "state": "START", "seqNbr": 54, "lat": 55.76933, "lng": 12.50202, "accuracy": 15}, {"fixTime": 33, "receivedDate": "2017-01-10 08:22:16 +0000", "timestamp": "2017-01-10 08:15:00 +0000", "signal": 17.02, "address": "[ Undecoded ]", "sigfoxId": 1158, "state": "STOP", "seqNbr": 55, "lat": 55.75049, "lng": 12.48734, "accuracy": 10}], "till": "2017-01-10 08:15:00 +0000", "intermediaryLocations": [], "type": "ON_THE_MOVE", "expectedNbrOfLocations": 2}, {"from": "2017-01-10 08:15:00 +0000", "aggregatedJourneyParts": [], "pathLocations": [{"fixTime": 33, "receivedDate": "2017-01-10 08:22:16 +0000", "timestamp": "2017-01-10 08:15:00 +0000", "signal": 17.02, "address": "[ Undecoded ]", "sigfoxId": 1158, "state": "STOP", "seqNbr": 55, "lat": 55.75049, "lng": 12.48734, "accuracy": 10}, {"fixTime": 33, "receivedDate": "2017-01-10 10:21:05 +0000", "timestamp": "2017-01-10 09:26:00 +0000", "signal": 17.98, "address": "[ Undecoded ]", "sigfoxId": 1158, "state": "START", "seqNbr": 56, "lat": 55.75049, "lng": 12.48734, "accuracy": 10}], "till": "2017-01-10 09:26:00 +0000", "type": "STOPPED", "expectedNbrOfLocations": 2}, {"from": "2017-01-10 09:26:00 +0000", "distanceEstimation": 2296, "pathLocations": [{"fixTime": 33, "receivedDate": "2017-01-10 10:21:05 +0000", "timestamp": "2017-01-10 09:26:00 +0000", "signal": 17.98, "address": "[ Undecoded ]", "sigfoxId": 1158, "state": "START", "seqNbr": 56, "lat": 55.75049, "lng": 12.48734, "accuracy": 10}, {"fixTime": 27, "receivedDate": "2017-01-10 09:40:15 +0000", "timestamp": "2017-01-10 09:34:00 +0000", "signal": 17.45, "address": "[ Undecoded ]", "sigfoxId": 1158, "state": "STOP", "seqNbr": 57, "lat": 55.76941, "lng": 12.50206, "accuracy": 15}], "till": "2017-01-10 09:34:00 +0000", "intermediaryLocations": [], "type": "ON_THE_MOVE", "expectedNbrOfLocations": 2}, {"from": "2017-01-10 09:34:00 +0000", "aggregatedJourneyParts": [], "pathLocations": [{"fixTime": 27, "receivedDate": "2017-01-10 09:40:15 +0000", "timestamp": "2017-01-10 09:34:00 +0000", "signal": 17.45, "address": "[ Undecoded ]", "sigfoxId": 1158, "state": "STOP", "seqNbr": 57, "lat": 55.76941, "lng": 12.50206, "accuracy": 15}, {"fixTime": 27, "receivedDate": "2017-01-12 09:24:28 +0000", "timestamp": "2017-01-12 09:24:00 +0000", "signal": 11.81, "address": "[ Undecoded ]", "sigfoxId": 1158, "state": "START", "seqNbr": 58, "lat": 55.76941, "lng": 12.50206, "accuracy": 15}], "till": "2017-01-12 09:24:00 +0000", "type": "STOPPED", "expectedNbrOfLocations": 2}, {"from": "2017-01-12 09:24:00 +0000", "distanceEstimation": 17, "pathLocations": [{"fixTime": 27, "receivedDate": "2017-01-12 09:24:28 +0000", "timestamp": "2017-01-12 09:24:00 +0000", "signal": 11.81, "address": "[ Undecoded ]", "sigfoxId": 1158, "state": "START", "seqNbr": 58, "lat": 55.76941, "lng": 12.50206, "accuracy": 15}, {"fixTime": 54, "receivedDate": "2017-01-12 09:32:59 +0000", "timestamp": "2017-01-12 09:26:00 +0000", "signal": 7.68, "address": "[ Undecoded ]", "sigfoxId": 1158, "state": "STOP", "seqNbr": 59, "lat": 55.76935, "lng": 12.5018, "accuracy": 15}], "till": "2017-01-12 09:26:00 +0000", "intermediaryLocations": [], "type": "ON_THE_MOVE", "expectedNbrOfLocations": 2}, {"from": "2017-01-12 09:26:00 +0000", "aggregatedJourneyParts": [], "pathLocations": [{"fixTime": 54, "receivedDate": "2017-01-12 09:32:59 +0000", "timestamp": "2017-01-12 09:26:00 +0000", "signal": 7.68, "address": "[ Undecoded ]", "sigfoxId": 1158, "state": "STOP", "seqNbr": 59, "lat": 55.76935, "lng": 12.5018, "accuracy": 15}, {"fixTime": 54, "receivedDate": "2017-01-16 06:53:01 +0000", "timestamp": "2017-01-16 06:52:00 +0000", "signal": 12.67, "address": "[ Undecoded ]", "sigfoxId": 1158, "state": "START", "seqNbr": 60, "lat": 55.76935, "lng": 12.5018, "accuracy": 15}], "till": "2017-01-16 06:52:00 +0000", "type": "STOPPED", "expectedNbrOfLocations": 2}, {"from": "2017-01-16 06:52:00 +0000", "distanceEstimation": 1759, "pathLocations": [{"fixTime": 54, "receivedDate": "2017-01-16 06:53:01 +0000", "timestamp": "2017-01-16 06:52:00 +0000", "signal": 12.67, "address": "[ Undecoded ]", "sigfoxId": 1158, "state": "START", "seqNbr": 60, "lat": 55.76935, "lng": 12.5018, "accuracy": 15}, {"fixTime": 31, "receivedDate": "2017-01-16 07:05:58 +0000", "timestamp": "2017-01-16 07:00:00 +0000", "signal": 18.36, "address": "[ Undecoded ]", "sigfoxId": 1158, "state": "STOP", "seqNbr": 61, "lat": 55.78486, "lng": 12.49626, "accuracy": 10}], "till": "2017-01-16 07:00:00 +0000", "intermediaryLocations": [], "type": "ON_THE_MOVE", "expectedNbrOfLocations": 2}, {"from": "2017-01-16 07:00:00 +0000", "aggregatedJourneyParts": [], "pathLocations": [{"fixTime": 31, "receivedDate": "2017-01-16 07:05:58 +0000", "timestamp": "2017-01-16 07:00:00 +0000", "signal": 18.36, "address": "[ Undecoded ]", "sigfoxId": 1158, "state": "STOP", "seqNbr": 61, "lat": 55.78486, "lng": 12.49626, "accuracy": 10}, {"fixTime": 31, "receivedDate": "2017-01-16 15:04:49 +0000", "timestamp": "2017-01-16 15:04:00 +0000", "signal": 17.68, "address": "[ Undecoded ]", "sigfoxId": 1158, "state": "START", "seqNbr": 62, "lat": 55.78486, "lng": 12.49626, "accuracy": 10}], "till": "2017-01-16 15:04:00 +0000", "type": "STOPPED", "expectedNbrOfLocations": 2}, {"from": "2017-01-16 15:04:00 +0000", "distanceEstimation": 1780, "pathLocations": [{"fixTime": 31, "receivedDate": "2017-01-16 15:04:49 +0000", "timestamp": "2017-01-16 15:04:00 +0000", "signal": 17.68, "address": "[ Undecoded ]", "sigfoxId": 1158, "state": "START", "seqNbr": 62, "lat": 55.78486, "lng": 12.49626, "accuracy": 10}, {"fixTime": 38, "receivedDate": "2017-01-16 15:20:01 +0000", "timestamp": "2017-01-16 15:14:00 +0000", "signal": 18.05, "address": "[ Undecoded ]", "sigfoxId": 1158, "state": "STOP", "seqNbr": 0, "lat": 55.76914, "lng": 12.5017, "accuracy": 20}], "till": "2017-01-16 15:14:00 +0000", "intermediaryLocations": [], "type": "ON_THE_MOVE", "expectedNbrOfLocations": 2}, {"from": "2017-01-16 15:14:00 +0000", "aggregatedJourneyParts": [], "pathLocations": [{"fixTime": 38, "receivedDate": "2017-01-16 15:20:01 +0000", "timestamp": "2017-01-16 15:14:00 +0000", "signal": 18.05, "address": "[ Undecoded ]", "sigfoxId": 1158, "state": "STOP", "seqNbr": 0, "lat": 55.76914, "lng": 12.5017, "accuracy": 20}, {"fixTime": 38, "receivedDate": "2017-01-16 15:30:45 +0000", "timestamp": "2017-01-16 15:30:00 +0000", "signal": 27.76, "address": "[ Undecoded ]", "sigfoxId": 1158, "state": "START", "seqNbr": 1, "lat": 55.76914, "lng": 12.5017, "accuracy": 20}], "till": "2017-01-16 15:30:00 +0000", "type": "STOPPED", "expectedNbrOfLocations": 2}, {"from": "2017-01-16 15:30:00 +0000", "distanceEstimation": 45, "pathLocations": [{"fixTime": 38, "receivedDate": "2017-01-16 15:30:45 +0000", "timestamp": "2017-01-16 15:30:00 +0000", "signal": 27.76, "address": "[ Undecoded ]", "sigfoxId": 1158, "state": "START", "seqNbr": 1, "lat": 55.76914, "lng": 12.5017, "accuracy": 20}, {"fixTime": 16, "receivedDate": "2017-01-16 15:36:35 +0000", "timestamp": "2017-01-16 15:31:00 +0000", "signal": 15.53, "address": "[ Undecoded ]", "sigfoxId": 1158, "state": "STOP", "seqNbr": 2, "lat": 55.76948, "lng": 12.50211, "accuracy": 20}], "till": "2017-01-16 15:31:00 +0000", "intermediaryLocations": [], "type": "ON_THE_MOVE", "expectedNbrOfLocations": 2}, {"from": "2017-01-16 15:31:00 +0000", "aggregatedJourneyParts": [], "pathLocations": [{"fixTime": 16, "receivedDate": "2017-01-16 15:36:35 +0000", "timestamp": "2017-01-16 15:31:00 +0000", "signal": 15.53, "address": "[ Undecoded ]", "sigfoxId": 1158, "state": "STOP", "seqNbr": 2, "lat": 55.76948, "lng": 12.50211, "accuracy": 20}, {"fixTime": 16, "receivedDate": "2017-01-24 09:19:12 +0000", "timestamp": "2017-01-24 09:18:00 +0000", "signal": 15.13, "address": "[ Undecoded ]", "sigfoxId": 1158, "state": "START", "seqNbr": 3, "lat": 55.76948, "lng": 12.50211, "accuracy": 20}], "till": "2017-01-24 09:18:00 +0000", "type": "STOPPED", "expectedNbrOfLocations": 2}, {"from": "2017-01-24 09:18:00 +0000", "distanceEstimation": 2560, "pathLocations": [{"fixTime": 16, "receivedDate": "2017-01-24 09:19:12 +0000", "timestamp": "2017-01-24 09:18:00 +0000", "signal": 15.13, "address": "[ Undecoded ]", "sigfoxId": 1158, "state": "START", "seqNbr": 3, "lat": 55.76948, "lng": 12.50211, "accuracy": 20}, {"fixTime": 34, "receivedDate": "2017-01-24 09:30:44 +0000", "timestamp": "2017-01-24 09:24:00 +0000", "signal": 9.99, "address": "[ Undecoded ]", "sigfoxId": 1158, "state": "STOP", "seqNbr": 4, "lat": 55.79, "lng": 12.48354, "accuracy": 15}], "till": "2017-01-24 09:24:00 +0000", "intermediaryLocations": [], "type": "ON_THE_MOVE", "expectedNbrOfLocations": 2}, {"from": "2017-01-24 09:24:00 +0000", "aggregatedJourneyParts": [], "pathLocations": [{"fixTime": 34, "receivedDate": "2017-01-24 09:30:44 +0000", "timestamp": "2017-01-24 09:24:00 +0000", "signal": 9.99, "address": "[ Undecoded ]", "sigfoxId": 1158, "state": "STOP", "seqNbr": 4, "lat": 55.79, "lng": 12.48354, "accuracy": 15}, {"fixTime": 34, "receivedDate": "2017-01-24 10:28:17 +0000", "timestamp": "2017-01-24 09:31:00 +0000", "signal": 17.35, "address": "[ Undecoded ]", "sigfoxId": 1158, "state": "START", "seqNbr": 5, "lat": 55.79, "lng": 12.48354, "accuracy": 15}], "till": "2017-01-24 09:31:00 +0000", "type": "STOPPED", "expectedNbrOfLocations": 2}, {"from": "2017-01-24 09:31:00 +0000", "distanceEstimation": 2554, "pathLocations": [{"fixTime": 34, "receivedDate": "2017-01-24 10:28:17 +0000", "timestamp": "2017-01-24 09:31:00 +0000", "signal": 17.35, "address": "[ Undecoded ]", "sigfoxId": 1158, "state": "START", "seqNbr": 5, "lat": 55.79, "lng": 12.48354, "accuracy": 15}, {"fixTime": 22, "receivedDate": "2017-01-24 09:53:58 +0000", "timestamp": "2017-01-24 09:48:00 +0000", "signal": 53.23, "address": "[ Undecoded ]", "sigfoxId": 1158, "state": "STOP", "seqNbr": 7, "lat": 55.76954, "lng": 12.50211, "accuracy": 15}], "till": "2017-01-24 09:48:00 +0000", "intermediaryLocations": [], "type": "ON_THE_MOVE", "expectedNbrOfLocations": 3}, {"from": "2017-01-24 09:48:00 +0000", "aggregatedJourneyParts": [], "pathLocations": [{"fixTime": 22, "receivedDate": "2017-01-24 09:53:58 +0000", "timestamp": "2017-01-24 09:48:00 +0000", "signal": 53.23, "address": "[ Undecoded ]", "sigfoxId": 1158, "state": "STOP", "seqNbr": 7, "lat": 55.76954, "lng": 12.50211, "accuracy": 15}, {"fixTime": 22, "receivedDate": "2017-01-25 08:10:56 +0000", "timestamp": "2017-01-25 08:10:00 +0000", "signal": 17.05, "address": "[ Undecoded ]", "sigfoxId": 1158, "state": "START", "seqNbr": 8, "lat": 55.76954, "lng": 12.50211, "accuracy": 15}], "till": "2017-01-25 08:10:00 +0000", "type": "STOPPED", "expectedNbrOfLocations": 2}, {"from": "2017-01-25 08:10:00 +0000", "distanceEstimation": 6640, "pathLocations": [{"fixTime": 22, "receivedDate": "2017-01-25 08:10:56 +0000", "timestamp": "2017-01-25 08:10:00 +0000", "signal": 17.05, "address": "[ Undecoded ]", "sigfoxId": 1158, "state": "START", "seqNbr": 8, "lat": 55.76954, "lng": 12.50211, "accuracy": 15}, {"fixTime": 6, "receivedDate": "2017-01-25 08:34:57 +0000", "timestamp": "2017-01-25 08:29:00 +0000", "signal": 15.41, "address": "[ Undecoded ]", "sigfoxId": 1158, "state": "STOP", "seqNbr": 10, "lat": 55.71515, "lng": 12.54593, "accuracy": 15}], "till": "2017-01-25 08:29:00 +0000", "intermediaryLocations": [], "type": "ON_THE_MOVE", "expectedNbrOfLocations": 3}, {"from": "2017-01-25 08:29:00 +0000", "aggregatedJourneyParts": [], "pathLocations": [{"fixTime": 6, "receivedDate": "2017-01-25 08:34:57 +0000", "timestamp": "2017-01-25 08:29:00 +0000", "signal": 15.41, "address": "[ Undecoded ]", "sigfoxId": 1158, "state": "STOP", "seqNbr": 10, "lat": 55.71515, "lng": 12.54593, "accuracy": 15}, {"fixTime": 6, "receivedDate": "2017-01-25 14:37:53 +0000", "timestamp": "2017-01-25 14:37:00 +0000", "signal": 8.51, "address": "[ Undecoded ]", "sigfoxId": 1158, "state": "START", "seqNbr": 11, "lat": 55.71515, "lng": 12.54593, "accuracy": 15}], "till": "2017-01-25 14:37:00 +0000", "type": "STOPPED", "expectedNbrOfLocations": 2}, {"from": "2017-01-25 14:37:00 +0000", "distanceEstimation": 6688, "pathLocations": [{"fixTime": 6, "receivedDate": "2017-01-25 14:37:53 +0000", "timestamp": "2017-01-25 14:37:00 +0000", "signal": 8.51, "address": "[ Undecoded ]", "sigfoxId": 1158, "state": "START", "seqNbr": 11, "lat": 55.71515, "lng": 12.54593, "accuracy": 15}, {"fixTime": 42, "receivedDate": "2017-01-25 14:58:47 +0000", "timestamp": "2017-01-25 14:57:00 +0000", "signal": 13.61, "address": "[ Undecoded ]", "sigfoxId": 1158, "state": "ON_THE_MOVE", "seqNbr": 12, "lat": 55.76613, "lng": 12.50899, "accuracy": 15}, {"fixTime": 16, "receivedDate": "2017-01-25 15:11:22 +0000", "timestamp": "2017-01-25 15:06:00 +0000", "signal": 19.32, "address": "[ Undecoded ]", "sigfoxId": 1158, "state": "STOP", "seqNbr": 13, "lat": 55.76955, "lng": 12.50228, "accuracy": 15}], "till": "2017-01-25 15:06:00 +0000", "intermediaryLocations": [], "type": "ON_THE_MOVE", "expectedNbrOfLocations": 3}, {"from": "2017-01-25 15:06:00 +0000", "aggregatedJourneyParts": [], "pathLocations": [{"fixTime": 16, "receivedDate": "2017-01-25 15:11:22 +0000", "timestamp": "2017-01-25 15:06:00 +0000", "signal": 19.32, "address": "[ Undecoded ]", "sigfoxId": 1158, "state": "STOP", "seqNbr": 13, "lat": 55.76955, "lng": 12.50228, "accuracy": 15}, {"fixTime": 16, "receivedDate": "2017-02-07 09:34:45 +0000", "timestamp": "2017-02-07 08:40:00 +0000", "signal": 7.39, "address": "[ Undecoded ]", "sigfoxId": 1158, "state": "START", "seqNbr": 14, "lat": 55.76955, "lng": 12.50228, "accuracy": 15}], "till": "2017-02-07 08:40:00 +0000", "type": "STOPPED", "expectedNbrOfLocations": 2}, {"from": "2017-02-07 08:40:00 +0000", "distanceEstimation": 9166, "pathLocations": [{"fixTime": 16, "receivedDate": "2017-02-07 09:34:45 +0000", "timestamp": "2017-02-07 08:40:00 +0000", "signal": 7.39, "address": "[ Undecoded ]", "sigfoxId": 1158, "state": "START", "seqNbr": 14, "lat": 55.76955, "lng": 12.50228, "accuracy": 15}, {"fixTime": 6, "receivedDate": "2017-02-07 21:23:38 +0000", "timestamp": "2017-02-07 08:59:00 +0000", "signal": 58.66, "address": "[ Undecoded ]", "sigfoxId": 1158, "state": "STOP", "seqNbr": 16, "lat": 55.72282, "lng": 12.38162, "accuracy": 15}], "till": "2017-02-07 08:59:00 +0000", "intermediaryLocations": [], "type": "ON_THE_MOVE", "expectedNbrOfLocations": 3}, {"from": "2017-02-07 08:59:00 +0000", "aggregatedJourneyParts": [], "pathLocations": [{"fixTime": 6, "receivedDate": "2017-02-07 21:23:38 +0000", "timestamp": "2017-02-07 08:59:00 +0000", "signal": 58.66, "address": "[ Undecoded ]", "sigfoxId": 1158, "state": "STOP", "seqNbr": 16, "lat": 55.72282, "lng": 12.38162, "accuracy": 15}, {"fixTime": 6, "receivedDate": "2017-02-07 16:37:02 +0000", "timestamp": "2017-02-07 15:48:00 +0000", "signal": 14.26, "address": "[ Undecoded ]", "sigfoxId": 1158, "state": "START", "seqNbr": 17, "lat": 55.72282, "lng": 12.38162, "accuracy": 15}], "till": "2017-02-07 15:48:00 +0000", "type": "STOPPED", "expectedNbrOfLocations": 2}, {"from": "2017-02-07 15:48:00 +0000", "distanceEstimation": 9136, "pathLocations": [{"fixTime": 6, "receivedDate": "2017-02-07 16:37:02 +0000", "timestamp": "2017-02-07 15:48:00 +0000", "signal": 14.26, "address": "[ Undecoded ]", "sigfoxId": 1158, "state": "START", "seqNbr": 17, "lat": 55.72282, "lng": 12.38162, "accuracy": 15}, {"fixTime": 156, "receivedDate": "2017-02-07 17:07:13 +0000", "timestamp": "2017-02-07 16:08:00 +0000", "signal": 11.76, "address": "[ Undecoded ]", "sigfoxId": 1158, "state": "ON_THE_MOVE", "seqNbr": 18, "lat": 55.76887, "lng": 12.50183, "accuracy": 15}, {"fixTime": 22, "receivedDate": "2017-02-07 16:18:17 +0000", "timestamp": "2017-02-07 16:12:00 +0000", "signal": 18.97, "address": "[ Undecoded ]", "sigfoxId": 1158, "state": "STOP", "seqNbr": 19, "lat": 55.76855, "lng": 12.50186, "accuracy": 20}], "till": "2017-02-07 16:12:00 +0000", "intermediaryLocations": [], "type": "ON_THE_MOVE", "expectedNbrOfLocations": 3}, {"from": "2017-02-07 16:12:00 +0000", "aggregatedJourneyParts": [], "pathLocations": [{"fixTime": 22, "receivedDate": "2017-02-07 16:18:17 +0000", "timestamp": "2017-02-07 16:12:00 +0000", "signal": 18.97, "address": "[ Undecoded ]", "sigfoxId": 1158, "state": "STOP", "seqNbr": 19, "lat": 55.76855, "lng": 12.50186, "accuracy": 20}, {"fixTime": 22, "receivedDate": "2017-02-08 08:12:15 +0000", "timestamp": "2017-02-08 07:14:00 +0000", "signal": 18.08, "address": "[ Undecoded ]", "sigfoxId": 1158, "state": "START", "seqNbr": 20, "lat": 55.76855, "lng": 12.50186, "accuracy": 20}], "till": "2017-02-08 07:14:00 +0000", "type": "STOPPED", "expectedNbrOfLocations": 2}, {"from": "2017-02-08 07:14:00 +0000", "distanceEstimation": 94, "pathLocations": [{"fixTime": 22, "receivedDate": "2017-02-08 08:12:15 +0000", "timestamp": "2017-02-08 07:14:00 +0000", "signal": 18.08, "address": "[ Undecoded ]", "sigfoxId": 1158, "state": "START", "seqNbr": 20, "lat": 55.76855, "lng": 12.50186, "accuracy": 20}, {"fixTime": 36, "receivedDate": "2017-02-08 07:21:59 +0000", "timestamp": "2017-02-08 07:16:00 +0000", "signal": 16.38, "address": "[ Undecoded ]", "sigfoxId": 1158, "state": "STOP", "seqNbr": 21, "lat": 55.76936, "lng": 12.5023, "accuracy": 10}], "till": "2017-02-08 07:16:00 +0000", "intermediaryLocations": [], "type": "ON_THE_MOVE", "expectedNbrOfLocations": 2}, {"from": "2017-02-08 07:16:00 +0000", "aggregatedJourneyParts": [], "pathLocations": [{"fixTime": 36, "receivedDate": "2017-02-08 07:21:59 +0000", "timestamp": "2017-02-08 07:16:00 +0000", "signal": 16.38, "address": "[ Undecoded ]", "sigfoxId": 1158, "state": "STOP", "seqNbr": 21, "lat": 55.76936, "lng": 12.5023, "accuracy": 10}], "till": "2017-02-08 07:16:00 +0000", "type": "STOPPED", "expectedNbrOfLocations": 1}]}